

> mobile@1.0.0 type-check
> tsc --noEmit

[1G[0K[96mApp.tsx[0m:[93m2[0m:[93m1[0m - [91merror[0m[90m TS6133: [0m'React' is declared but its value is never read.

[7m2[0m import React from 'react'
[7m [0m [91m~~~~~~~~~~~~~~~~~~~~~~~~~[0m

[96msrc/lib/AuthContext.tsx[0m:[93m1[0m:[93m8[0m - [91merror[0m[90m TS6133: [0m'React' is declared but its value is never read.

[7m1[0m import React, { createContext, useContext, ReactNode } from 'react'
[7m [0m [91m       ~~~~~[0m

[96msrc/navigation/AppNavigator.tsx[0m:[93m1[0m:[93m1[0m - [91merror[0m[90m TS6133: [0m'React' is declared but its value is never read.

[7m1[0m import React from 'react'
[7m [0m [91m~~~~~~~~~~~~~~~~~~~~~~~~~[0m

[96msrc/screens/CreateEventScreen.tsx[0m:[93m1[0m:[93m8[0m - [91merror[0m[90m TS6133: [0m'React' is declared but its value is never read.

[7m1[0m import React, { useState } from 'react'
[7m [0m [91m       ~~~~~[0m

[96msrc/screens/CreateEventScreen.tsx[0m:[93m39[0m:[93m17[0m - [91merror[0m[90m TS2769: [0mNo overload matches this call.
  Overload 1 of 2, '(props: ScrollViewProps): ScrollView', gave the following error.
    Type '{ children: Element; className: string; }' is not assignable to type 'IntrinsicAttributes & IntrinsicClassAttributes<ScrollView> & Readonly<ScrollViewProps>'.
      Property 'className' does not exist on type 'IntrinsicAttributes & IntrinsicClassAttributes<ScrollView> & Readonly<ScrollViewProps>'.
  Overload 2 of 2, '(props: ScrollViewProps, context: any): ScrollView', gave the following error.
    Type '{ children: Element; className: string; }' is not assignable to type 'IntrinsicAttributes & IntrinsicClassAttributes<ScrollView> & Readonly<ScrollViewProps>'.
      Property 'className' does not exist on type 'IntrinsicAttributes & IntrinsicClassAttributes<ScrollView> & Readonly<ScrollViewProps>'.

[7m39[0m     <ScrollView className="flex-1 bg-bg-base">
[7m  [0m [91m                ~~~~~~~~~[0m


[96msrc/screens/CreateEventScreen.tsx[0m:[93m40[0m:[93m13[0m - [91merror[0m[90m TS2769: [0mNo overload matches this call.
  Overload 1 of 2, '(props: ViewProps): View', gave the following error.
    Type '{ children: Element[]; className: string; }' is not assignable to type 'IntrinsicAttributes & IntrinsicClassAttributes<View> & Readonly<ViewProps>'.
      Property 'className' does not exist on type 'IntrinsicAttributes & IntrinsicClassAttributes<View> & Readonly<ViewProps>'.
  Overload 2 of 2, '(props: ViewProps, context: any): View', gave the following error.
    Type '{ children: Element[]; className: string; }' is not assignable to type 'IntrinsicAttributes & IntrinsicClassAttributes<View> & Readonly<ViewProps>'.
      Property 'className' does not exist on type 'IntrinsicAttributes & IntrinsicClassAttributes<View> & Readonly<ViewProps>'.

[7m40[0m       <View className="px-6 py-6">
[7m  [0m [91m            ~~~~~~~~~[0m


[96msrc/screens/CreateEventScreen.tsx[0m:[93m42[0m:[93m15[0m - [91merror[0m[90m TS2769: [0mNo overload matches this call.
  Overload 1 of 2, '(props: ViewProps): View', gave the following error.
    Type '{ children: Element[]; className: string; }' is not assignable to type 'IntrinsicAttributes & IntrinsicClassAttributes<View> & Readonly<ViewProps>'.
      Property 'className' does not exist on type 'IntrinsicAttributes & IntrinsicClassAttributes<View> & Readonly<ViewProps>'.
  Overload 2 of 2, '(props: ViewProps, context: any): View', gave the following error.
    Type '{ children: Element[]; className: string; }' is not assignable to type 'IntrinsicAttributes & IntrinsicClassAttributes<View> & Readonly<ViewProps>'.
      Property 'className' does not exist on type 'IntrinsicAttributes & IntrinsicClassAttributes<View> & Readonly<ViewProps>'.

[7m42[0m         <View className="mb-6">
[7m  [0m [91m              ~~~~~~~~~[0m


[96msrc/screens/CreateEventScreen.tsx[0m:[93m43[0m:[93m17[0m - [91merror[0m[90m TS2769: [0mNo overload matches this call.
  Overload 1 of 2, '(props: TextProps): Text', gave the following error.
    Type '{ children: string; className: string; }' is not assignable to type 'IntrinsicAttributes & IntrinsicClassAttributes<Text> & Readonly<TextProps>'.
      Property 'className' does not exist on type 'IntrinsicAttributes & IntrinsicClassAttributes<Text> & Readonly<TextProps>'.
  Overload 2 of 2, '(props: TextProps, context: any): Text', gave the following error.
    Type '{ children: string; className: string; }' is not assignable to type 'IntrinsicAttributes & IntrinsicClassAttributes<Text> & Readonly<TextProps>'.
      Property 'className' does not exist on type 'IntrinsicAttributes & IntrinsicClassAttributes<Text> & Readonly<TextProps>'.

[7m43[0m           <Text className="text-text-primary font-semibold mb-2">Event Title</Text>
[7m  [0m [91m                ~~~~~~~~~[0m


[96msrc/screens/CreateEventScreen.tsx[0m:[93m49[0m:[93m13[0m - [91merror[0m[90m TS2769: [0mNo overload matches this call.
  Overload 1 of 2, '(props: TextInputProps): TextInput', gave the following error.
    Type '{ value: string; onChangeText: Dispatch<SetStateAction<string>>; placeholder: string; placeholderTextColor: string; className: string; }' is not assignable to type 'IntrinsicAttributes & IntrinsicClassAttributes<TextInput> & Readonly<TextInputProps>'.
      Property 'className' does not exist on type 'IntrinsicAttributes & IntrinsicClassAttributes<TextInput> & Readonly<TextInputProps>'.
  Overload 2 of 2, '(props: TextInputProps, context: any): TextInput', gave the following error.
    Type '{ value: string; onChangeText: Dispatch<SetStateAction<string>>; placeholder: string; placeholderTextColor: string; className: string; }' is not assignable to type 'IntrinsicAttributes & IntrinsicClassAttributes<TextInput> & Readonly<TextInputProps>'.
      Property 'className' does not exist on type 'IntrinsicAttributes & IntrinsicClassAttributes<TextInput> & Readonly<TextInputProps>'.

[7m49[0m             className="bg-bg-glass rounded-xl p-4 text-text-primary border border-border-default"
[7m  [0m [91m            ~~~~~~~~~[0m


[96msrc/screens/CreateEventScreen.tsx[0m:[93m54[0m:[93m15[0m - [91merror[0m[90m TS2769: [0mNo overload matches this call.
  Overload 1 of 2, '(props: ViewProps): View', gave the following error.
    Type '{ children: Element[]; className: string; }' is not assignable to type 'IntrinsicAttributes & IntrinsicClassAttributes<View> & Readonly<ViewProps>'.
      Property 'className' does not exist on type 'IntrinsicAttributes & IntrinsicClassAttributes<View> & Readonly<ViewProps>'.
  Overload 2 of 2, '(props: ViewProps, context: any): View', gave the following error.
    Type '{ children: Element[]; className: string; }' is not assignable to type 'IntrinsicAttributes & IntrinsicClassAttributes<View> & Readonly<ViewProps>'.
      Property 'className' does not exist on type 'IntrinsicAttributes & IntrinsicClassAttributes<View> & Readonly<ViewProps>'.

[7m54[0m         <View className="mb-6">
[7m  [0m [91m              ~~~~~~~~~[0m


[96msrc/screens/CreateEventScreen.tsx[0m:[93m55[0m:[93m17[0m - [91merror[0m[90m TS2769: [0mNo overload matches this call.
  Overload 1 of 2, '(props: TextProps): Text', gave the following error.
    Type '{ children: string; className: string; }' is not assignable to type 'IntrinsicAttributes & IntrinsicClassAttributes<Text> & Readonly<TextProps>'.
      Property 'className' does not exist on type 'IntrinsicAttributes & IntrinsicClassAttributes<Text> & Readonly<TextProps>'.
  Overload 2 of 2, '(props: TextProps, context: any): Text', gave the following error.
    Type '{ children: string; className: string; }' is not assignable to type 'IntrinsicAttributes & IntrinsicClassAttributes<Text> & Readonly<TextProps>'.
      Property 'className' does not exist on type 'IntrinsicAttributes & IntrinsicClassAttributes<Text> & Readonly<TextProps>'.

[7m55[0m           <Text className="text-text-primary font-semibold mb-2">Location</Text>
[7m  [0m [91m                ~~~~~~~~~[0m


[96msrc/screens/CreateEventScreen.tsx[0m:[93m56[0m:[93m29[0m - [91merror[0m[90m TS2769: [0mNo overload matches this call.
  Overload 1 of 2, '(props: TouchableOpacityProps): TouchableOpacity', gave the following error.
    Type '{ children: Element[]; className: string; }' is not assignable to type 'IntrinsicAttributes & IntrinsicClassAttributes<TouchableOpacity> & Readonly<TouchableOpacityProps>'.
      Property 'className' does not exist on type 'IntrinsicAttributes & IntrinsicClassAttributes<TouchableOpacity> & Readonly<TouchableOpacityProps>'.
  Overload 2 of 2, '(props: TouchableOpacityProps, context: any): TouchableOpacity', gave the following error.
    Type '{ children: Element[]; className: string; }' is not assignable to type 'IntrinsicAttributes & IntrinsicClassAttributes<TouchableOpacity> & Readonly<TouchableOpacityProps>'.
      Property 'className' does not exist on type 'IntrinsicAttributes & IntrinsicClassAttributes<TouchableOpacity> & Readonly<TouchableOpacityProps>'.

[7m56[0m           <TouchableOpacity className="bg-bg-glass rounded-xl p-4 flex-row items-center border border-border-default">
[7m  [0m [91m                            ~~~~~~~~~[0m


[96msrc/screens/CreateEventScreen.tsx[0m:[93m63[0m:[93m15[0m - [91merror[0m[90m TS2769: [0mNo overload matches this call.
  Overload 1 of 2, '(props: TextInputProps): TextInput', gave the following error.
    Type '{ value: string; onChangeText: Dispatch<SetStateAction<string>>; placeholder: string; placeholderTextColor: string; className: string; }' is not assignable to type 'IntrinsicAttributes & IntrinsicClassAttributes<TextInput> & Readonly<TextInputProps>'.
      Property 'className' does not exist on type 'IntrinsicAttributes & IntrinsicClassAttributes<TextInput> & Readonly<TextInputProps>'.
  Overload 2 of 2, '(props: TextInputProps, context: any): TextInput', gave the following error.
    Type '{ value: string; onChangeText: Dispatch<SetStateAction<string>>; placeholder: string; placeholderTextColor: string; className: string; }' is not assignable to type 'IntrinsicAttributes & IntrinsicClassAttributes<TextInput> & Readonly<TextInputProps>'.
      Property 'className' does not exist on type 'IntrinsicAttributes & IntrinsicClassAttributes<TextInput> & Readonly<TextInputProps>'.

[7m63[0m               className="text-text-primary ml-3 flex-1"
[7m  [0m [91m              ~~~~~~~~~[0m


[96msrc/screens/CreateEventScreen.tsx[0m:[93m69[0m:[93m15[0m - [91merror[0m[90m TS2769: [0mNo overload matches this call.
  Overload 1 of 2, '(props: ViewProps): View', gave the following error.
    Type '{ children: Element[]; className: string; }' is not assignable to type 'IntrinsicAttributes & IntrinsicClassAttributes<View> & Readonly<ViewProps>'.
      Property 'className' does not exist on type 'IntrinsicAttributes & IntrinsicClassAttributes<View> & Readonly<ViewProps>'.
  Overload 2 of 2, '(props: ViewProps, context: any): View', gave the following error.
    Type '{ children: Element[]; className: string; }' is not assignable to type 'IntrinsicAttributes & IntrinsicClassAttributes<View> & Readonly<ViewProps>'.
      Property 'className' does not exist on type 'IntrinsicAttributes & IntrinsicClassAttributes<View> & Readonly<ViewProps>'.

[7m69[0m         <View className="mb-6">
[7m  [0m [91m              ~~~~~~~~~[0m


[96msrc/screens/CreateEventScreen.tsx[0m:[93m70[0m:[93m17[0m - [91merror[0m[90m TS2769: [0mNo overload matches this call.
  Overload 1 of 2, '(props: TextProps): Text', gave the following error.
    Type '{ children: string; className: string; }' is not assignable to type 'IntrinsicAttributes & IntrinsicClassAttributes<Text> & Readonly<TextProps>'.
      Property 'className' does not exist on type 'IntrinsicAttributes & IntrinsicClassAttributes<Text> & Readonly<TextProps>'.
  Overload 2 of 2, '(props: TextProps, context: any): Text', gave the following error.
    Type '{ children: string; className: string; }' is not assignable to type 'IntrinsicAttributes & IntrinsicClassAttributes<Text> & Readonly<TextProps>'.
      Property 'className' does not exist on type 'IntrinsicAttributes & IntrinsicClassAttributes<Text> & Readonly<TextProps>'.

[7m70[0m           <Text className="text-text-primary font-semibold mb-2">Date & Time</Text>
[7m  [0m [91m                ~~~~~~~~~[0m


[96msrc/screens/CreateEventScreen.tsx[0m:[93m71[0m:[93m29[0m - [91merror[0m[90m TS2769: [0mNo overload matches this call.
  Overload 1 of 2, '(props: TouchableOpacityProps): TouchableOpacity', gave the following error.
    Type '{ children: Element[]; className: string; }' is not assignable to type 'IntrinsicAttributes & IntrinsicClassAttributes<TouchableOpacity> & Readonly<TouchableOpacityProps>'.
      Property 'className' does not exist on type 'IntrinsicAttributes & IntrinsicClassAttributes<TouchableOpacity> & Readonly<TouchableOpacityProps>'.
  Overload 2 of 2, '(props: TouchableOpacityProps, context: any): TouchableOpacity', gave the following error.
    Type '{ children: Element[]; className: string; }' is not assignable to type 'IntrinsicAttributes & IntrinsicClassAttributes<TouchableOpacity> & Readonly<TouchableOpacityProps>'.
      Property 'className' does not exist on type 'IntrinsicAttributes & IntrinsicClassAttributes<TouchableOpacity> & Readonly<TouchableOpacityProps>'.

[7m71[0m           <TouchableOpacity className="bg-bg-glass rounded-xl p-4 flex-row items-center border border-border-default">
[7m  [0m [91m                            ~~~~~~~~~[0m


[96msrc/screens/CreateEventScreen.tsx[0m:[93m73[0m:[93m19[0m - [91merror[0m[90m TS2769: [0mNo overload matches this call.
  Overload 1 of 2, '(props: TextProps): Text', gave the following error.
    Type '{ children: string; className: string; }' is not assignable to type 'IntrinsicAttributes & IntrinsicClassAttributes<Text> & Readonly<TextProps>'.
      Property 'className' does not exist on type 'IntrinsicAttributes & IntrinsicClassAttributes<Text> & Readonly<TextProps>'.
  Overload 2 of 2, '(props: TextProps, context: any): Text', gave the following error.
    Type '{ children: string; className: string; }' is not assignable to type 'IntrinsicAttributes & IntrinsicClassAttributes<Text> & Readonly<TextProps>'.
      Property 'className' does not exist on type 'IntrinsicAttributes & IntrinsicClassAttributes<Text> & Readonly<TextProps>'.

[7m73[0m             <Text className="text-text-muted ml-3 flex-1">
[7m  [0m [91m                  ~~~~~~~~~[0m


[96msrc/screens/CreateEventScreen.tsx[0m:[93m81[0m:[93m15[0m - [91merror[0m[90m TS2769: [0mNo overload matches this call.
  Overload 1 of 2, '(props: ViewProps): View', gave the following error.
    Type '{ children: Element[]; className: string; }' is not assignable to type 'IntrinsicAttributes & IntrinsicClassAttributes<View> & Readonly<ViewProps>'.
      Property 'className' does not exist on type 'IntrinsicAttributes & IntrinsicClassAttributes<View> & Readonly<ViewProps>'.
  Overload 2 of 2, '(props: ViewProps, context: any): View', gave the following error.
    Type '{ children: Element[]; className: string; }' is not assignable to type 'IntrinsicAttributes & IntrinsicClassAttributes<View> & Readonly<ViewProps>'.
      Property 'className' does not exist on type 'IntrinsicAttributes & IntrinsicClassAttributes<View> & Readonly<ViewProps>'.

[7m81[0m         <View className="mb-6">
[7m  [0m [91m              ~~~~~~~~~[0m


[96msrc/screens/CreateEventScreen.tsx[0m:[93m82[0m:[93m17[0m - [91merror[0m[90m TS2769: [0mNo overload matches this call.
  Overload 1 of 2, '(props: TextProps): Text', gave the following error.
    Type '{ children: string; className: string; }' is not assignable to type 'IntrinsicAttributes & IntrinsicClassAttributes<Text> & Readonly<TextProps>'.
      Property 'className' does not exist on type 'IntrinsicAttributes & IntrinsicClassAttributes<Text> & Readonly<TextProps>'.
  Overload 2 of 2, '(props: TextProps, context: any): Text', gave the following error.
    Type '{ children: string; className: string; }' is not assignable to type 'IntrinsicAttributes & IntrinsicClassAttributes<Text> & Readonly<TextProps>'.
      Property 'className' does not exist on type 'IntrinsicAttributes & IntrinsicClassAttributes<Text> & Readonly<TextProps>'.

[7m82[0m           <Text className="text-text-primary font-semibold mb-2">Vibe</Text>
[7m  [0m [91m                ~~~~~~~~~[0m


[96msrc/screens/CreateEventScreen.tsx[0m:[93m83[0m:[93m17[0m - [91merror[0m[90m TS2769: [0mNo overload matches this call.
  Overload 1 of 2, '(props: ViewProps): View', gave the following error.
    Type '{ children: Element[]; className: string; }' is not assignable to type 'IntrinsicAttributes & IntrinsicClassAttributes<View> & Readonly<ViewProps>'.
      Property 'className' does not exist on type 'IntrinsicAttributes & IntrinsicClassAttributes<View> & Readonly<ViewProps>'.
  Overload 2 of 2, '(props: ViewProps, context: any): View', gave the following error.
    Type '{ children: Element[]; className: string; }' is not assignable to type 'IntrinsicAttributes & IntrinsicClassAttributes<View> & Readonly<ViewProps>'.
      Property 'className' does not exist on type 'IntrinsicAttributes & IntrinsicClassAttributes<View> & Readonly<ViewProps>'.

[7m83[0m           <View className="flex-row flex-wrap gap-3">
[7m  [0m [91m                ~~~~~~~~~[0m


[96msrc/screens/CreateEventScreen.tsx[0m:[93m88[0m:[93m17[0m - [91merror[0m[90m TS2769: [0mNo overload matches this call.
  Overload 1 of 2, '(props: TouchableOpacityProps): TouchableOpacity', gave the following error.
    Type '{ children: Element[]; key: string; onPress: () => void; className: string; }' is not assignable to type 'IntrinsicAttributes & IntrinsicClassAttributes<TouchableOpacity> & Readonly<TouchableOpacityProps>'.
      Property 'className' does not exist on type 'IntrinsicAttributes & IntrinsicClassAttributes<TouchableOpacity> & Readonly<TouchableOpacityProps>'.
  Overload 2 of 2, '(props: TouchableOpacityProps, context: any): TouchableOpacity', gave the following error.
    Type '{ children: Element[]; key: string; onPress: () => void; className: string; }' is not assignable to type 'IntrinsicAttributes & IntrinsicClassAttributes<TouchableOpacity> & Readonly<TouchableOpacityProps>'.
      Property 'className' does not exist on type 'IntrinsicAttributes & IntrinsicClassAttributes<TouchableOpacity> & Readonly<TouchableOpacityProps>'.

[7m88[0m                 className={`flex-row items-center px-4 py-3 rounded-xl border ${
[7m  [0m [91m                ~~~~~~~~~[0m


[96msrc/screens/CreateEventScreen.tsx[0m:[93m100[0m:[93m19[0m - [91merror[0m[90m TS2769: [0mNo overload matches this call.
  Overload 1 of 2, '(props: TextProps): Text', gave the following error.
    Type '{ children: string; className: string; }' is not assignable to type 'IntrinsicAttributes & IntrinsicClassAttributes<Text> & Readonly<TextProps>'.
      Property 'className' does not exist on type 'IntrinsicAttributes & IntrinsicClassAttributes<Text> & Readonly<TextProps>'.
  Overload 2 of 2, '(props: TextProps, context: any): Text', gave the following error.
    Type '{ children: string; className: string; }' is not assignable to type 'IntrinsicAttributes & IntrinsicClassAttributes<Text> & Readonly<TextProps>'.
      Property 'className' does not exist on type 'IntrinsicAttributes & IntrinsicClassAttributes<Text> & Readonly<TextProps>'.

[7m100[0m                   className={`ml-2 ${
[7m   [0m [91m                  ~~~~~~~~~[0m


[96msrc/screens/CreateEventScreen.tsx[0m:[93m112[0m:[93m15[0m - [91merror[0m[90m TS2769: [0mNo overload matches this call.
  Overload 1 of 2, '(props: ViewProps): View', gave the following error.
    Type '{ children: Element[]; className: string; }' is not assignable to type 'IntrinsicAttributes & IntrinsicClassAttributes<View> & Readonly<ViewProps>'.
      Property 'className' does not exist on type 'IntrinsicAttributes & IntrinsicClassAttributes<View> & Readonly<ViewProps>'.
  Overload 2 of 2, '(props: ViewProps, context: any): View', gave the following error.
    Type '{ children: Element[]; className: string; }' is not assignable to type 'IntrinsicAttributes & IntrinsicClassAttributes<View> & Readonly<ViewProps>'.
      Property 'className' does not exist on type 'IntrinsicAttributes & IntrinsicClassAttributes<View> & Readonly<ViewProps>'.

[7m112[0m         <View className="mb-6">
[7m   [0m [91m              ~~~~~~~~~[0m


[96msrc/screens/CreateEventScreen.tsx[0m:[93m113[0m:[93m17[0m - [91merror[0m[90m TS2769: [0mNo overload matches this call.
  Overload 1 of 2, '(props: TextProps): Text', gave the following error.
    Type '{ children: string; className: string; }' is not assignable to type 'IntrinsicAttributes & IntrinsicClassAttributes<Text> & Readonly<TextProps>'.
      Property 'className' does not exist on type 'IntrinsicAttributes & IntrinsicClassAttributes<Text> & Readonly<TextProps>'.
  Overload 2 of 2, '(props: TextProps, context: any): Text', gave the following error.
    Type '{ children: string; className: string; }' is not assignable to type 'IntrinsicAttributes & IntrinsicClassAttributes<Text> & Readonly<TextProps>'.
      Property 'className' does not exist on type 'IntrinsicAttributes & IntrinsicClassAttributes<Text> & Readonly<TextProps>'.

[7m113[0m           <Text className="text-text-primary font-semibold mb-2">Notes (Optional)</Text>
[7m   [0m [91m                ~~~~~~~~~[0m


[96msrc/screens/CreateEventScreen.tsx[0m:[93m122[0m:[93m13[0m - [91merror[0m[90m TS2769: [0mNo overload matches this call.
  Overload 1 of 2, '(props: TextInputProps): TextInput', gave the following error.
    Type '{ value: string; onChangeText: Dispatch<SetStateAction<string>>; placeholder: string; placeholderTextColor: string; multiline: true; numberOfLines: number; textAlignVertical: "top"; className: string; }' is not assignable to type 'IntrinsicAttributes & IntrinsicClassAttributes<TextInput> & Readonly<TextInputProps>'.
      Property 'className' does not exist on type 'IntrinsicAttributes & IntrinsicClassAttributes<TextInput> & Readonly<TextInputProps>'.
  Overload 2 of 2, '(props: TextInputProps, context: any): TextInput', gave the following error.
    Type '{ value: string; onChangeText: Dispatch<SetStateAction<string>>; placeholder: string; placeholderTextColor: string; multiline: true; numberOfLines: number; textAlignVertical: "top"; className: string; }' is not assignable to type 'IntrinsicAttributes & IntrinsicClassAttributes<TextInput> & Readonly<TextInputProps>'.
      Property 'className' does not exist on type 'IntrinsicAttributes & IntrinsicClassAttributes<TextInput> & Readonly<TextInputProps>'.

[7m122[0m             className="bg-bg-glass rounded-xl p-4 text-text-primary border border-border-default"
[7m   [0m [91m            ~~~~~~~~~[0m


[96msrc/screens/CreateEventScreen.tsx[0m:[93m127[0m:[93m15[0m - [91merror[0m[90m TS2769: [0mNo overload matches this call.
  Overload 1 of 2, '(props: ViewProps): View', gave the following error.
    Type '{ children: Element[]; className: string; }' is not assignable to type 'IntrinsicAttributes & IntrinsicClassAttributes<View> & Readonly<ViewProps>'.
      Property 'className' does not exist on type 'IntrinsicAttributes & IntrinsicClassAttributes<View> & Readonly<ViewProps>'.
  Overload 2 of 2, '(props: ViewProps, context: any): View', gave the following error.
    Type '{ children: Element[]; className: string; }' is not assignable to type 'IntrinsicAttributes & IntrinsicClassAttributes<View> & Readonly<ViewProps>'.
      Property 'className' does not exist on type 'IntrinsicAttributes & IntrinsicClassAttributes<View> & Readonly<ViewProps>'.

[7m127[0m         <View className="mb-8">
[7m   [0m [91m              ~~~~~~~~~[0m


[96msrc/screens/CreateEventScreen.tsx[0m:[93m128[0m:[93m17[0m - [91merror[0m[90m TS2769: [0mNo overload matches this call.
  Overload 1 of 2, '(props: TextProps): Text', gave the following error.
    Type '{ children: string; className: string; }' is not assignable to type 'IntrinsicAttributes & IntrinsicClassAttributes<Text> & Readonly<TextProps>'.
      Property 'className' does not exist on type 'IntrinsicAttributes & IntrinsicClassAttributes<Text> & Readonly<TextProps>'.
  Overload 2 of 2, '(props: TextProps, context: any): Text', gave the following error.
    Type '{ children: string; className: string; }' is not assignable to type 'IntrinsicAttributes & IntrinsicClassAttributes<Text> & Readonly<TextProps>'.
      Property 'className' does not exist on type 'IntrinsicAttributes & IntrinsicClassAttributes<Text> & Readonly<TextProps>'.

[7m128[0m           <Text className="text-text-primary font-semibold mb-2">Privacy</Text>
[7m   [0m [91m                ~~~~~~~~~[0m


[96msrc/screens/CreateEventScreen.tsx[0m:[93m129[0m:[93m17[0m - [91merror[0m[90m TS2769: [0mNo overload matches this call.
  Overload 1 of 2, '(props: ViewProps): View', gave the following error.
    Type '{ children: Element[]; className: string; }' is not assignable to type 'IntrinsicAttributes & IntrinsicClassAttributes<View> & Readonly<ViewProps>'.
      Property 'className' does not exist on type 'IntrinsicAttributes & IntrinsicClassAttributes<View> & Readonly<ViewProps>'.
  Overload 2 of 2, '(props: ViewProps, context: any): View', gave the following error.
    Type '{ children: Element[]; className: string; }' is not assignable to type 'IntrinsicAttributes & IntrinsicClassAttributes<View> & Readonly<ViewProps>'.
      Property 'className' does not exist on type 'IntrinsicAttributes & IntrinsicClassAttributes<View> & Readonly<ViewProps>'.

[7m129[0m           <View className="bg-bg-glass rounded-xl border border-border-default overflow-hidden">
[7m   [0m [91m                ~~~~~~~~~[0m


[96msrc/screens/CreateEventScreen.tsx[0m:[93m130[0m:[93m31[0m - [91merror[0m[90m TS2769: [0mNo overload matches this call.
  Overload 1 of 2, '(props: TouchableOpacityProps): TouchableOpacity', gave the following error.
    Type '{ children: Element[]; className: string; }' is not assignable to type 'IntrinsicAttributes & IntrinsicClassAttributes<TouchableOpacity> & Readonly<TouchableOpacityProps>'.
      Property 'className' does not exist on type 'IntrinsicAttributes & IntrinsicClassAttributes<TouchableOpacity> & Readonly<TouchableOpacityProps>'.
  Overload 2 of 2, '(props: TouchableOpacityProps, context: any): TouchableOpacity', gave the following error.
    Type '{ children: Element[]; className: string; }' is not assignable to type 'IntrinsicAttributes & IntrinsicClassAttributes<TouchableOpacity> & Readonly<TouchableOpacityProps>'.
      Property 'className' does not exist on type 'IntrinsicAttributes & IntrinsicClassAttributes<TouchableOpacity> & Readonly<TouchableOpacityProps>'.

[7m130[0m             <TouchableOpacity className="flex-row items-center p-4 border-b border-border-default">
[7m   [0m [91m                              ~~~~~~~~~[0m


[96msrc/screens/CreateEventScreen.tsx[0m:[93m132[0m:[93m21[0m - [91merror[0m[90m TS2769: [0mNo overload matches this call.
  Overload 1 of 2, '(props: ViewProps): View', gave the following error.
    Type '{ children: Element[]; className: string; }' is not assignable to type 'IntrinsicAttributes & IntrinsicClassAttributes<View> & Readonly<ViewProps>'.
      Property 'className' does not exist on type 'IntrinsicAttributes & IntrinsicClassAttributes<View> & Readonly<ViewProps>'.
  Overload 2 of 2, '(props: ViewProps, context: any): View', gave the following error.
    Type '{ children: Element[]; className: string; }' is not assignable to type 'IntrinsicAttributes & IntrinsicClassAttributes<View> & Readonly<ViewProps>'.
      Property 'className' does not exist on type 'IntrinsicAttributes & IntrinsicClassAttributes<View> & Readonly<ViewProps>'.

[7m132[0m               <View className="ml-3 flex-1">
[7m   [0m [91m                    ~~~~~~~~~[0m


[96msrc/screens/CreateEventScreen.tsx[0m:[93m133[0m:[93m23[0m - [91merror[0m[90m TS2769: [0mNo overload matches this call.
  Overload 1 of 2, '(props: TextProps): Text', gave the following error.
    Type '{ children: string; className: string; }' is not assignable to type 'IntrinsicAttributes & IntrinsicClassAttributes<Text> & Readonly<TextProps>'.
      Property 'className' does not exist on type 'IntrinsicAttributes & IntrinsicClassAttributes<Text> & Readonly<TextProps>'.
  Overload 2 of 2, '(props: TextProps, context: any): Text', gave the following error.
    Type '{ children: string; className: string; }' is not assignable to type 'IntrinsicAttributes & IntrinsicClassAttributes<Text> & Readonly<TextProps>'.
      Property 'className' does not exist on type 'IntrinsicAttributes & IntrinsicClassAttributes<Text> & Readonly<TextProps>'.

[7m133[0m                 <Text className="text-text-primary">Public Event</Text>
[7m   [0m [91m                      ~~~~~~~~~[0m


[96msrc/screens/CreateEventScreen.tsx[0m:[93m134[0m:[93m23[0m - [91merror[0m[90m TS2769: [0mNo overload matches this call.
  Overload 1 of 2, '(props: TextProps): Text', gave the following error.
    Type '{ children: string; className: string; }' is not assignable to type 'IntrinsicAttributes & IntrinsicClassAttributes<Text> & Readonly<TextProps>'.
      Property 'className' does not exist on type 'IntrinsicAttributes & IntrinsicClassAttributes<Text> & Readonly<TextProps>'.
  Overload 2 of 2, '(props: TextProps, context: any): Text', gave the following error.
    Type '{ children: string; className: string; }' is not assignable to type 'IntrinsicAttributes & IntrinsicClassAttributes<Text> & Readonly<TextProps>'.
      Property 'className' does not exist on type 'IntrinsicAttributes & IntrinsicClassAttributes<Text> & Readonly<TextProps>'.

[7m134[0m                 <Text className="text-text-muted text-sm">Anyone can find and join</Text>
[7m   [0m [91m                      ~~~~~~~~~[0m


[96msrc/screens/CreateEventScreen.tsx[0m:[93m139[0m:[93m31[0m - [91merror[0m[90m TS2769: [0mNo overload matches this call.
  Overload 1 of 2, '(props: TouchableOpacityProps): TouchableOpacity', gave the following error.
    Type '{ children: Element[]; className: string; }' is not assignable to type 'IntrinsicAttributes & IntrinsicClassAttributes<TouchableOpacity> & Readonly<TouchableOpacityProps>'.
      Property 'className' does not exist on type 'IntrinsicAttributes & IntrinsicClassAttributes<TouchableOpacity> & Readonly<TouchableOpacityProps>'.
  Overload 2 of 2, '(props: TouchableOpacityProps, context: any): TouchableOpacity', gave the following error.
    Type '{ children: Element[]; className: string; }' is not assignable to type 'IntrinsicAttributes & IntrinsicClassAttributes<TouchableOpacity> & Readonly<TouchableOpacityProps>'.
      Property 'className' does not exist on type 'IntrinsicAttributes & IntrinsicClassAttributes<TouchableOpacity> & Readonly<TouchableOpacityProps>'.

[7m139[0m             <TouchableOpacity className="flex-row items-center p-4">
[7m   [0m [91m                              ~~~~~~~~~[0m


[96msrc/screens/CreateEventScreen.tsx[0m:[93m141[0m:[93m21[0m - [91merror[0m[90m TS2769: [0mNo overload matches this call.
  Overload 1 of 2, '(props: ViewProps): View', gave the following error.
    Type '{ children: Element[]; className: string; }' is not assignable to type 'IntrinsicAttributes & IntrinsicClassAttributes<View> & Readonly<ViewProps>'.
      Property 'className' does not exist on type 'IntrinsicAttributes & IntrinsicClassAttributes<View> & Readonly<ViewProps>'.
  Overload 2 of 2, '(props: ViewProps, context: any): View', gave the following error.
    Type '{ children: Element[]; className: string; }' is not assignable to type 'IntrinsicAttributes & IntrinsicClassAttributes<View> & Readonly<ViewProps>'.
      Property 'className' does not exist on type 'IntrinsicAttributes & IntrinsicClassAttributes<View> & Readonly<ViewProps>'.

[7m141[0m               <View className="ml-3 flex-1">
[7m   [0m [91m                    ~~~~~~~~~[0m


[96msrc/screens/CreateEventScreen.tsx[0m:[93m142[0m:[93m23[0m - [91merror[0m[90m TS2769: [0mNo overload matches this call.
  Overload 1 of 2, '(props: TextProps): Text', gave the following error.
    Type '{ children: string; className: string; }' is not assignable to type 'IntrinsicAttributes & IntrinsicClassAttributes<Text> & Readonly<TextProps>'.
      Property 'className' does not exist on type 'IntrinsicAttributes & IntrinsicClassAttributes<Text> & Readonly<TextProps>'.
  Overload 2 of 2, '(props: TextProps, context: any): Text', gave the following error.
    Type '{ children: string; className: string; }' is not assignable to type 'IntrinsicAttributes & IntrinsicClassAttributes<Text> & Readonly<TextProps>'.
      Property 'className' does not exist on type 'IntrinsicAttributes & IntrinsicClassAttributes<Text> & Readonly<TextProps>'.

[7m142[0m                 <Text className="text-text-primary">Private Event</Text>
[7m   [0m [91m                      ~~~~~~~~~[0m


[96msrc/screens/CreateEventScreen.tsx[0m:[93m143[0m:[93m23[0m - [91merror[0m[90m TS2769: [0mNo overload matches this call.
  Overload 1 of 2, '(props: TextProps): Text', gave the following error.
    Type '{ children: string; className: string; }' is not assignable to type 'IntrinsicAttributes & IntrinsicClassAttributes<Text> & Readonly<TextProps>'.
      Property 'className' does not exist on type 'IntrinsicAttributes & IntrinsicClassAttributes<Text> & Readonly<TextProps>'.
  Overload 2 of 2, '(props: TextProps, context: any): Text', gave the following error.
    Type '{ children: string; className: string; }' is not assignable to type 'IntrinsicAttributes & IntrinsicClassAttributes<Text> & Readonly<TextProps>'.
      Property 'className' does not exist on type 'IntrinsicAttributes & IntrinsicClassAttributes<Text> & Readonly<TextProps>'.

[7m143[0m                 <Text className="text-text-muted text-sm">Invite only</Text>
[7m   [0m [91m                      ~~~~~~~~~[0m


[96msrc/screens/CreateEventScreen.tsx[0m:[93m153[0m:[93m11[0m - [91merror[0m[90m TS2769: [0mNo overload matches this call.
  Overload 1 of 2, '(props: TouchableOpacityProps): TouchableOpacity', gave the following error.
    Type '{ children: Element; onPress: () => void; className: string; }' is not assignable to type 'IntrinsicAttributes & IntrinsicClassAttributes<TouchableOpacity> & Readonly<TouchableOpacityProps>'.
      Property 'className' does not exist on type 'IntrinsicAttributes & IntrinsicClassAttributes<TouchableOpacity> & Readonly<TouchableOpacityProps>'.
  Overload 2 of 2, '(props: TouchableOpacityProps, context: any): TouchableOpacity', gave the following error.
    Type '{ children: Element; onPress: () => void; className: string; }' is not assignable to type 'IntrinsicAttributes & IntrinsicClassAttributes<TouchableOpacity> & Readonly<TouchableOpacityProps>'.
      Property 'className' does not exist on type 'IntrinsicAttributes & IntrinsicClassAttributes<TouchableOpacity> & Readonly<TouchableOpacityProps>'.

[7m153[0m           className="bg-neon-green rounded-xl p-4 items-center"
[7m   [0m [91m          ~~~~~~~~~[0m


[96msrc/screens/CreateEventScreen.tsx[0m:[93m155[0m:[93m17[0m - [91merror[0m[90m TS2769: [0mNo overload matches this call.
  Overload 1 of 2, '(props: TextProps): Text', gave the following error.
    Type '{ children: string; className: string; }' is not assignable to type 'IntrinsicAttributes & IntrinsicClassAttributes<Text> & Readonly<TextProps>'.
      Property 'className' does not exist on type 'IntrinsicAttributes & IntrinsicClassAttributes<Text> & Readonly<TextProps>'.
  Overload 2 of 2, '(props: TextProps, context: any): Text', gave the following error.
    Type '{ children: string; className: string; }' is not assignable to type 'IntrinsicAttributes & IntrinsicClassAttributes<Text> & Readonly<TextProps>'.
      Property 'className' does not exist on type 'IntrinsicAttributes & IntrinsicClassAttributes<Text> & Readonly<TextProps>'.

[7m155[0m           <Text className="text-black font-semibold text-lg">
[7m   [0m [91m                ~~~~~~~~~[0m


[96msrc/screens/DiscoverScreen.tsx[0m:[93m16[0m:[93m7[0m - [91merror[0m[90m TS2769: [0mNo overload matches this call.
  Overload 1 of 2, '(props: ScrollViewProps): ScrollView', gave the following error.
    Type '{ children: Element[]; className: string; refreshControl: Element; }' is not assignable to type 'IntrinsicAttributes & IntrinsicClassAttributes<ScrollView> & Readonly<ScrollViewProps>'.
      Property 'className' does not exist on type 'IntrinsicAttributes & IntrinsicClassAttributes<ScrollView> & Readonly<ScrollViewProps>'.
  Overload 2 of 2, '(props: ScrollViewProps, context: any): ScrollView', gave the following error.
    Type '{ children: Element[]; className: string; refreshControl: Element; }' is not assignable to type 'IntrinsicAttributes & IntrinsicClassAttributes<ScrollView> & Readonly<ScrollViewProps>'.
      Property 'className' does not exist on type 'IntrinsicAttributes & IntrinsicClassAttributes<ScrollView> & Readonly<ScrollViewProps>'.

[7m16[0m       className="flex-1 bg-bg-base"
[7m  [0m [91m      ~~~~~~~~~[0m


[96msrc/screens/DiscoverScreen.tsx[0m:[93m26[0m:[93m13[0m - [91merror[0m[90m TS2769: [0mNo overload matches this call.
  Overload 1 of 2, '(props: ViewProps): View', gave the following error.
    Type '{ children: Element[]; className: string; }' is not assignable to type 'IntrinsicAttributes & IntrinsicClassAttributes<View> & Readonly<ViewProps>'.
      Property 'className' does not exist on type 'IntrinsicAttributes & IntrinsicClassAttributes<View> & Readonly<ViewProps>'.
  Overload 2 of 2, '(props: ViewProps, context: any): View', gave the following error.
    Type '{ children: Element[]; className: string; }' is not assignable to type 'IntrinsicAttributes & IntrinsicClassAttributes<View> & Readonly<ViewProps>'.
      Property 'className' does not exist on type 'IntrinsicAttributes & IntrinsicClassAttributes<View> & Readonly<ViewProps>'.

[7m26[0m       <View className="px-6 pt-6 pb-4">
[7m  [0m [91m            ~~~~~~~~~[0m


[96msrc/screens/DiscoverScreen.tsx[0m:[93m27[0m:[93m15[0m - [91merror[0m[90m TS2769: [0mNo overload matches this call.
  Overload 1 of 2, '(props: TextProps): Text', gave the following error.
    Type '{ children: string; className: string; }' is not assignable to type 'IntrinsicAttributes & IntrinsicClassAttributes<Text> & Readonly<TextProps>'.
      Property 'className' does not exist on type 'IntrinsicAttributes & IntrinsicClassAttributes<Text> & Readonly<TextProps>'.
  Overload 2 of 2, '(props: TextProps, context: any): Text', gave the following error.
    Type '{ children: string; className: string; }' is not assignable to type 'IntrinsicAttributes & IntrinsicClassAttributes<Text> & Readonly<TextProps>'.
      Property 'className' does not exist on type 'IntrinsicAttributes & IntrinsicClassAttributes<Text> & Readonly<TextProps>'.

[7m27[0m         <Text className="text-2xl font-bold text-text-primary">
[7m  [0m [91m              ~~~~~~~~~[0m


[96msrc/screens/DiscoverScreen.tsx[0m:[93m30[0m:[93m15[0m - [91merror[0m[90m TS2769: [0mNo overload matches this call.
  Overload 1 of 2, '(props: TextProps): Text', gave the following error.
    Type '{ children: string; className: string; }' is not assignable to type 'IntrinsicAttributes & IntrinsicClassAttributes<Text> & Readonly<TextProps>'.
      Property 'className' does not exist on type 'IntrinsicAttributes & IntrinsicClassAttributes<Text> & Readonly<TextProps>'.
  Overload 2 of 2, '(props: TextProps, context: any): Text', gave the following error.
    Type '{ children: string; className: string; }' is not assignable to type 'IntrinsicAttributes & IntrinsicClassAttributes<Text> & Readonly<TextProps>'.
      Property 'className' does not exist on type 'IntrinsicAttributes & IntrinsicClassAttributes<Text> & Readonly<TextProps>'.

[7m30[0m         <Text className="text-text-secondary mt-1">
[7m  [0m [91m              ~~~~~~~~~[0m


[96msrc/screens/DiscoverScreen.tsx[0m:[93m36[0m:[93m13[0m - [91merror[0m[90m TS2769: [0mNo overload matches this call.
  Overload 1 of 2, '(props: ViewProps): View', gave the following error.
    Type '{ children: Element; className: string; }' is not assignable to type 'IntrinsicAttributes & IntrinsicClassAttributes<View> & Readonly<ViewProps>'.
      Property 'className' does not exist on type 'IntrinsicAttributes & IntrinsicClassAttributes<View> & Readonly<ViewProps>'.
  Overload 2 of 2, '(props: ViewProps, context: any): View', gave the following error.
    Type '{ children: Element; className: string; }' is not assignable to type 'IntrinsicAttributes & IntrinsicClassAttributes<View> & Readonly<ViewProps>'.
      Property 'className' does not exist on type 'IntrinsicAttributes & IntrinsicClassAttributes<View> & Readonly<ViewProps>'.

[7m36[0m       <View className="px-6 mb-6">
[7m  [0m [91m            ~~~~~~~~~[0m


[96msrc/screens/DiscoverScreen.tsx[0m:[93m37[0m:[93m27[0m - [91merror[0m[90m TS2769: [0mNo overload matches this call.
  Overload 1 of 2, '(props: TouchableOpacityProps): TouchableOpacity', gave the following error.
    Type '{ children: Element[]; className: string; }' is not assignable to type 'IntrinsicAttributes & IntrinsicClassAttributes<TouchableOpacity> & Readonly<TouchableOpacityProps>'.
      Property 'className' does not exist on type 'IntrinsicAttributes & IntrinsicClassAttributes<TouchableOpacity> & Readonly<TouchableOpacityProps>'.
  Overload 2 of 2, '(props: TouchableOpacityProps, context: any): TouchableOpacity', gave the following error.
    Type '{ children: Element[]; className: string; }' is not assignable to type 'IntrinsicAttributes & IntrinsicClassAttributes<TouchableOpacity> & Readonly<TouchableOpacityProps>'.
      Property 'className' does not exist on type 'IntrinsicAttributes & IntrinsicClassAttributes<TouchableOpacity> & Readonly<TouchableOpacityProps>'.

[7m37[0m         <TouchableOpacity className="bg-bg-glass rounded-xl p-4 flex-row items-center border border-border-default">
[7m  [0m [91m                          ~~~~~~~~~[0m


[96msrc/screens/DiscoverScreen.tsx[0m:[93m39[0m:[93m17[0m - [91merror[0m[90m TS2769: [0mNo overload matches this call.
  Overload 1 of 2, '(props: TextProps): Text', gave the following error.
    Type '{ children: string; className: string; }' is not assignable to type 'IntrinsicAttributes & IntrinsicClassAttributes<Text> & Readonly<TextProps>'.
      Property 'className' does not exist on type 'IntrinsicAttributes & IntrinsicClassAttributes<Text> & Readonly<TextProps>'.
  Overload 2 of 2, '(props: TextProps, context: any): Text', gave the following error.
    Type '{ children: string; className: string; }' is not assignable to type 'IntrinsicAttributes & IntrinsicClassAttributes<Text> & Readonly<TextProps>'.
      Property 'className' does not exist on type 'IntrinsicAttributes & IntrinsicClassAttributes<Text> & Readonly<TextProps>'.

[7m39[0m           <Text className="text-text-muted ml-3 flex-1">
[7m  [0m [91m                ~~~~~~~~~[0m


[96msrc/screens/DiscoverScreen.tsx[0m:[93m46[0m:[93m13[0m - [91merror[0m[90m TS2769: [0mNo overload matches this call.
  Overload 1 of 2, '(props: ViewProps): View', gave the following error.
    Type '{ children: Element; className: string; }' is not assignable to type 'IntrinsicAttributes & IntrinsicClassAttributes<View> & Readonly<ViewProps>'.
      Property 'className' does not exist on type 'IntrinsicAttributes & IntrinsicClassAttributes<View> & Readonly<ViewProps>'.
  Overload 2 of 2, '(props: ViewProps, context: any): View', gave the following error.
    Type '{ children: Element; className: string; }' is not assignable to type 'IntrinsicAttributes & IntrinsicClassAttributes<View> & Readonly<ViewProps>'.
      Property 'className' does not exist on type 'IntrinsicAttributes & IntrinsicClassAttributes<View> & Readonly<ViewProps>'.

[7m46[0m       <View className="px-6 mb-6">
[7m  [0m [91m            ~~~~~~~~~[0m


[96msrc/screens/DiscoverScreen.tsx[0m:[93m48[0m:[93m17[0m - [91merror[0m[90m TS2769: [0mNo overload matches this call.
  Overload 1 of 2, '(props: ViewProps): View', gave the following error.
    Type '{ children: Element[]; className: string; }' is not assignable to type 'IntrinsicAttributes & IntrinsicClassAttributes<View> & Readonly<ViewProps>'.
      Property 'className' does not exist on type 'IntrinsicAttributes & IntrinsicClassAttributes<View> & Readonly<ViewProps>'.
  Overload 2 of 2, '(props: ViewProps, context: any): View', gave the following error.
    Type '{ children: Element[]; className: string; }' is not assignable to type 'IntrinsicAttributes & IntrinsicClassAttributes<View> & Readonly<ViewProps>'.
      Property 'className' does not exist on type 'IntrinsicAttributes & IntrinsicClassAttributes<View> & Readonly<ViewProps>'.

[7m48[0m           <View className="flex-row space-x-3">
[7m  [0m [91m                ~~~~~~~~~[0m


[96msrc/screens/DiscoverScreen.tsx[0m:[93m52[0m:[93m17[0m - [91merror[0m[90m TS2769: [0mNo overload matches this call.
  Overload 1 of 2, '(props: TouchableOpacityProps): TouchableOpacity', gave the following error.
    Type '{ children: Element; key: string; className: string; }' is not assignable to type 'IntrinsicAttributes & IntrinsicClassAttributes<TouchableOpacity> & Readonly<TouchableOpacityProps>'.
      Property 'className' does not exist on type 'IntrinsicAttributes & IntrinsicClassAttributes<TouchableOpacity> & Readonly<TouchableOpacityProps>'.
  Overload 2 of 2, '(props: TouchableOpacityProps, context: any): TouchableOpacity', gave the following error.
    Type '{ children: Element; key: string; className: string; }' is not assignable to type 'IntrinsicAttributes & IntrinsicClassAttributes<TouchableOpacity> & Readonly<TouchableOpacityProps>'.
      Property 'className' does not exist on type 'IntrinsicAttributes & IntrinsicClassAttributes<TouchableOpacity> & Readonly<TouchableOpacityProps>'.

[7m52[0m                 className="bg-bg-glass rounded-full px-4 py-2 border border-border-default"
[7m  [0m [91m                ~~~~~~~~~[0m


[96msrc/screens/DiscoverScreen.tsx[0m:[93m54[0m:[93m23[0m - [91merror[0m[90m TS2769: [0mNo overload matches this call.
  Overload 1 of 2, '(props: TextProps): Text', gave the following error.
    Type '{ children: string; className: string; }' is not assignable to type 'IntrinsicAttributes & IntrinsicClassAttributes<Text> & Readonly<TextProps>'.
      Property 'className' does not exist on type 'IntrinsicAttributes & IntrinsicClassAttributes<Text> & Readonly<TextProps>'.
  Overload 2 of 2, '(props: TextProps, context: any): Text', gave the following error.
    Type '{ children: string; className: string; }' is not assignable to type 'IntrinsicAttributes & IntrinsicClassAttributes<Text> & Readonly<TextProps>'.
      Property 'className' does not exist on type 'IntrinsicAttributes & IntrinsicClassAttributes<Text> & Readonly<TextProps>'.

[7m54[0m                 <Text className="text-text-secondary text-sm">
[7m  [0m [91m                      ~~~~~~~~~[0m


[96msrc/screens/DiscoverScreen.tsx[0m:[93m64[0m:[93m13[0m - [91merror[0m[90m TS2769: [0mNo overload matches this call.
  Overload 1 of 2, '(props: ViewProps): View', gave the following error.
    Type '{ children: Element[]; className: string; }' is not assignable to type 'IntrinsicAttributes & IntrinsicClassAttributes<View> & Readonly<ViewProps>'.
      Property 'className' does not exist on type 'IntrinsicAttributes & IntrinsicClassAttributes<View> & Readonly<ViewProps>'.
  Overload 2 of 2, '(props: ViewProps, context: any): View', gave the following error.
    Type '{ children: Element[]; className: string; }' is not assignable to type 'IntrinsicAttributes & IntrinsicClassAttributes<View> & Readonly<ViewProps>'.
      Property 'className' does not exist on type 'IntrinsicAttributes & IntrinsicClassAttributes<View> & Readonly<ViewProps>'.

[7m64[0m       <View className="px-6 mb-6">
[7m  [0m [91m            ~~~~~~~~~[0m


[96msrc/screens/DiscoverScreen.tsx[0m:[93m65[0m:[93m15[0m - [91merror[0m[90m TS2769: [0mNo overload matches this call.
  Overload 1 of 2, '(props: TextProps): Text', gave the following error.
    Type '{ children: string; className: string; }' is not assignable to type 'IntrinsicAttributes & IntrinsicClassAttributes<Text> & Readonly<TextProps>'.
      Property 'className' does not exist on type 'IntrinsicAttributes & IntrinsicClassAttributes<Text> & Readonly<TextProps>'.
  Overload 2 of 2, '(props: TextProps, context: any): Text', gave the following error.
    Type '{ children: string; className: string; }' is not assignable to type 'IntrinsicAttributes & IntrinsicClassAttributes<Text> & Readonly<TextProps>'.
      Property 'className' does not exist on type 'IntrinsicAttributes & IntrinsicClassAttributes<Text> & Readonly<TextProps>'.

[7m65[0m         <Text className="text-lg font-semibold text-text-primary mb-4">
[7m  [0m [91m              ~~~~~~~~~[0m


[96msrc/screens/DiscoverScreen.tsx[0m:[93m69[0m:[93m15[0m - [91merror[0m[90m TS2769: [0mNo overload matches this call.
  Overload 1 of 2, '(props: ViewProps): View', gave the following error.
    Type '{ children: Element; className: string; }' is not assignable to type 'IntrinsicAttributes & IntrinsicClassAttributes<View> & Readonly<ViewProps>'.
      Property 'className' does not exist on type 'IntrinsicAttributes & IntrinsicClassAttributes<View> & Readonly<ViewProps>'.
  Overload 2 of 2, '(props: ViewProps, context: any): View', gave the following error.
    Type '{ children: Element; className: string; }' is not assignable to type 'IntrinsicAttributes & IntrinsicClassAttributes<View> & Readonly<ViewProps>'.
      Property 'className' does not exist on type 'IntrinsicAttributes & IntrinsicClassAttributes<View> & Readonly<ViewProps>'.

[7m69[0m         <View className="bg-bg-glass rounded-xl p-6 border border-border-default">
[7m  [0m [91m              ~~~~~~~~~[0m


[96msrc/screens/DiscoverScreen.tsx[0m:[93m70[0m:[93m17[0m - [91merror[0m[90m TS2769: [0mNo overload matches this call.
  Overload 1 of 2, '(props: ViewProps): View', gave the following error.
    Type '{ children: Element[]; className: string; }' is not assignable to type 'IntrinsicAttributes & IntrinsicClassAttributes<View> & Readonly<ViewProps>'.
      Property 'className' does not exist on type 'IntrinsicAttributes & IntrinsicClassAttributes<View> & Readonly<ViewProps>'.
  Overload 2 of 2, '(props: ViewProps, context: any): View', gave the following error.
    Type '{ children: Element[]; className: string; }' is not assignable to type 'IntrinsicAttributes & IntrinsicClassAttributes<View> & Readonly<ViewProps>'.
      Property 'className' does not exist on type 'IntrinsicAttributes & IntrinsicClassAttributes<View> & Readonly<ViewProps>'.

[7m70[0m           <View className="items-center">
[7m  [0m [91m                ~~~~~~~~~[0m


[96msrc/screens/DiscoverScreen.tsx[0m:[93m72[0m:[93m19[0m - [91merror[0m[90m TS2769: [0mNo overload matches this call.
  Overload 1 of 2, '(props: TextProps): Text', gave the following error.
    Type '{ children: string; className: string; }' is not assignable to type 'IntrinsicAttributes & IntrinsicClassAttributes<Text> & Readonly<TextProps>'.
      Property 'className' does not exist on type 'IntrinsicAttributes & IntrinsicClassAttributes<Text> & Readonly<TextProps>'.
  Overload 2 of 2, '(props: TextProps, context: any): Text', gave the following error.
    Type '{ children: string; className: string; }' is not assignable to type 'IntrinsicAttributes & IntrinsicClassAttributes<Text> & Readonly<TextProps>'.
      Property 'className' does not exist on type 'IntrinsicAttributes & IntrinsicClassAttributes<Text> & Readonly<TextProps>'.

[7m72[0m             <Text className="text-text-secondary text-center mt-3">
[7m  [0m [91m                  ~~~~~~~~~[0m


[96msrc/screens/DiscoverScreen.tsx[0m:[93m75[0m:[93m19[0m - [91merror[0m[90m TS2769: [0mNo overload matches this call.
  Overload 1 of 2, '(props: TextProps): Text', gave the following error.
    Type '{ children: string; className: string; }' is not assignable to type 'IntrinsicAttributes & IntrinsicClassAttributes<Text> & Readonly<TextProps>'.
      Property 'className' does not exist on type 'IntrinsicAttributes & IntrinsicClassAttributes<Text> & Readonly<TextProps>'.
  Overload 2 of 2, '(props: TextProps, context: any): Text', gave the following error.
    Type '{ children: string; className: string; }' is not assignable to type 'IntrinsicAttributes & IntrinsicClassAttributes<Text> & Readonly<TextProps>'.
      Property 'className' does not exist on type 'IntrinsicAttributes & IntrinsicClassAttributes<Text> & Readonly<TextProps>'.

[7m75[0m             <Text className="text-text-muted text-center mt-1 text-sm">
[7m  [0m [91m                  ~~~~~~~~~[0m


[96msrc/screens/DiscoverScreen.tsx[0m:[93m83[0m:[93m13[0m - [91merror[0m[90m TS2769: [0mNo overload matches this call.
  Overload 1 of 2, '(props: ViewProps): View', gave the following error.
    Type '{ children: Element[]; className: string; }' is not assignable to type 'IntrinsicAttributes & IntrinsicClassAttributes<View> & Readonly<ViewProps>'.
      Property 'className' does not exist on type 'IntrinsicAttributes & IntrinsicClassAttributes<View> & Readonly<ViewProps>'.
  Overload 2 of 2, '(props: ViewProps, context: any): View', gave the following error.
    Type '{ children: Element[]; className: string; }' is not assignable to type 'IntrinsicAttributes & IntrinsicClassAttributes<View> & Readonly<ViewProps>'.
      Property 'className' does not exist on type 'IntrinsicAttributes & IntrinsicClassAttributes<View> & Readonly<ViewProps>'.

[7m83[0m       <View className="px-6 mb-6">
[7m  [0m [91m            ~~~~~~~~~[0m


[96msrc/screens/DiscoverScreen.tsx[0m:[93m84[0m:[93m15[0m - [91merror[0m[90m TS2769: [0mNo overload matches this call.
  Overload 1 of 2, '(props: TextProps): Text', gave the following error.
    Type '{ children: string; className: string; }' is not assignable to type 'IntrinsicAttributes & IntrinsicClassAttributes<Text> & Readonly<TextProps>'.
      Property 'className' does not exist on type 'IntrinsicAttributes & IntrinsicClassAttributes<Text> & Readonly<TextProps>'.
  Overload 2 of 2, '(props: TextProps, context: any): Text', gave the following error.
    Type '{ children: string; className: string; }' is not assignable to type 'IntrinsicAttributes & IntrinsicClassAttributes<Text> & Readonly<TextProps>'.
      Property 'className' does not exist on type 'IntrinsicAttributes & IntrinsicClassAttributes<Text> & Readonly<TextProps>'.

[7m84[0m         <Text className="text-lg font-semibold text-text-primary mb-4">
[7m  [0m [91m              ~~~~~~~~~[0m


[96msrc/screens/DiscoverScreen.tsx[0m:[93m88[0m:[93m15[0m - [91merror[0m[90m TS2769: [0mNo overload matches this call.
  Overload 1 of 2, '(props: ViewProps): View', gave the following error.
    Type '{ children: Element; className: string; }' is not assignable to type 'IntrinsicAttributes & IntrinsicClassAttributes<View> & Readonly<ViewProps>'.
      Property 'className' does not exist on type 'IntrinsicAttributes & IntrinsicClassAttributes<View> & Readonly<ViewProps>'.
  Overload 2 of 2, '(props: ViewProps, context: any): View', gave the following error.
    Type '{ children: Element; className: string; }' is not assignable to type 'IntrinsicAttributes & IntrinsicClassAttributes<View> & Readonly<ViewProps>'.
      Property 'className' does not exist on type 'IntrinsicAttributes & IntrinsicClassAttributes<View> & Readonly<ViewProps>'.

[7m88[0m         <View className="bg-bg-glass rounded-xl p-6 border border-border-default">
[7m  [0m [91m              ~~~~~~~~~[0m


[96msrc/screens/DiscoverScreen.tsx[0m:[93m89[0m:[93m17[0m - [91merror[0m[90m TS2769: [0mNo overload matches this call.
  Overload 1 of 2, '(props: ViewProps): View', gave the following error.
    Type '{ children: Element[]; className: string; }' is not assignable to type 'IntrinsicAttributes & IntrinsicClassAttributes<View> & Readonly<ViewProps>'.
      Property 'className' does not exist on type 'IntrinsicAttributes & IntrinsicClassAttributes<View> & Readonly<ViewProps>'.
  Overload 2 of 2, '(props: ViewProps, context: any): View', gave the following error.
    Type '{ children: Element[]; className: string; }' is not assignable to type 'IntrinsicAttributes & IntrinsicClassAttributes<View> & Readonly<ViewProps>'.
      Property 'className' does not exist on type 'IntrinsicAttributes & IntrinsicClassAttributes<View> & Readonly<ViewProps>'.

[7m89[0m           <View className="items-center">
[7m  [0m [91m                ~~~~~~~~~[0m


[96msrc/screens/DiscoverScreen.tsx[0m:[93m91[0m:[93m19[0m - [91merror[0m[90m TS2769: [0mNo overload matches this call.
  Overload 1 of 2, '(props: TextProps): Text', gave the following error.
    Type '{ children: string; className: string; }' is not assignable to type 'IntrinsicAttributes & IntrinsicClassAttributes<Text> & Readonly<TextProps>'.
      Property 'className' does not exist on type 'IntrinsicAttributes & IntrinsicClassAttributes<Text> & Readonly<TextProps>'.
  Overload 2 of 2, '(props: TextProps, context: any): Text', gave the following error.
    Type '{ children: string; className: string; }' is not assignable to type 'IntrinsicAttributes & IntrinsicClassAttributes<Text> & Readonly<TextProps>'.
      Property 'className' does not exist on type 'IntrinsicAttributes & IntrinsicClassAttributes<Text> & Readonly<TextProps>'.

[7m91[0m             <Text className="text-text-secondary text-center mt-3">
[7m  [0m [91m                  ~~~~~~~~~[0m


[96msrc/screens/DiscoverScreen.tsx[0m:[93m94[0m:[93m19[0m - [91merror[0m[90m TS2769: [0mNo overload matches this call.
  Overload 1 of 2, '(props: TextProps): Text', gave the following error.
    Type '{ children: string; className: string; }' is not assignable to type 'IntrinsicAttributes & IntrinsicClassAttributes<Text> & Readonly<TextProps>'.
      Property 'className' does not exist on type 'IntrinsicAttributes & IntrinsicClassAttributes<Text> & Readonly<TextProps>'.
  Overload 2 of 2, '(props: TextProps, context: any): Text', gave the following error.
    Type '{ children: string; className: string; }' is not assignable to type 'IntrinsicAttributes & IntrinsicClassAttributes<Text> & Readonly<TextProps>'.
      Property 'className' does not exist on type 'IntrinsicAttributes & IntrinsicClassAttributes<Text> & Readonly<TextProps>'.

[7m94[0m             <Text className="text-text-muted text-center mt-1 text-sm">
[7m  [0m [91m                  ~~~~~~~~~[0m


[96msrc/screens/DiscoverScreen.tsx[0m:[93m102[0m:[93m13[0m - [91merror[0m[90m TS2769: [0mNo overload matches this call.
  Overload 1 of 2, '(props: ViewProps): View', gave the following error.
    Type '{ className: string; }' is not assignable to type 'IntrinsicAttributes & IntrinsicClassAttributes<View> & Readonly<ViewProps>'.
      Property 'className' does not exist on type 'IntrinsicAttributes & IntrinsicClassAttributes<View> & Readonly<ViewProps>'.
  Overload 2 of 2, '(props: ViewProps, context: any): View', gave the following error.
    Type '{ className: string; }' is not assignable to type 'IntrinsicAttributes & IntrinsicClassAttributes<View> & Readonly<ViewProps>'.
      Property 'className' does not exist on type 'IntrinsicAttributes & IntrinsicClassAttributes<View> & Readonly<ViewProps>'.

[7m102[0m       <View className="h-20" />
[7m   [0m [91m            ~~~~~~~~~[0m


[96msrc/screens/EventDetailScreen.tsx[0m:[93m1[0m:[93m1[0m - [91merror[0m[90m TS6133: [0m'React' is declared but its value is never read.

[7m1[0m import React from 'react'
[7m [0m [91m~~~~~~~~~~~~~~~~~~~~~~~~~[0m

[96msrc/screens/EventDetailScreen.tsx[0m:[93m11[0m:[93m9[0m - [91merror[0m[90m TS6133: [0m'eventId' is declared but its value is never read.

[7m11[0m   const { eventId } = route.params
[7m  [0m [91m        ~~~~~~~~~~~[0m

[96msrc/screens/EventDetailScreen.tsx[0m:[93m16[0m:[93m17[0m - [91merror[0m[90m TS2769: [0mNo overload matches this call.
  Overload 1 of 2, '(props: ScrollViewProps): ScrollView', gave the following error.
    Type '{ children: Element[]; className: string; }' is not assignable to type 'IntrinsicAttributes & IntrinsicClassAttributes<ScrollView> & Readonly<ScrollViewProps>'.
      Property 'className' does not exist on type 'IntrinsicAttributes & IntrinsicClassAttributes<ScrollView> & Readonly<ScrollViewProps>'.
  Overload 2 of 2, '(props: ScrollViewProps, context: any): ScrollView', gave the following error.
    Type '{ children: Element[]; className: string; }' is not assignable to type 'IntrinsicAttributes & IntrinsicClassAttributes<ScrollView> & Readonly<ScrollViewProps>'.
      Property 'className' does not exist on type 'IntrinsicAttributes & IntrinsicClassAttributes<ScrollView> & Readonly<ScrollViewProps>'.

[7m16[0m     <ScrollView className="flex-1 bg-bg-base">
[7m  [0m [91m                ~~~~~~~~~[0m


[96msrc/screens/EventDetailScreen.tsx[0m:[93m18[0m:[93m13[0m - [91merror[0m[90m TS2769: [0mNo overload matches this call.
  Overload 1 of 2, '(props: ViewProps): View', gave the following error.
    Type '{ children: Element[]; className: string; }' is not assignable to type 'IntrinsicAttributes & IntrinsicClassAttributes<View> & Readonly<ViewProps>'.
      Property 'className' does not exist on type 'IntrinsicAttributes & IntrinsicClassAttributes<View> & Readonly<ViewProps>'.
  Overload 2 of 2, '(props: ViewProps, context: any): View', gave the following error.
    Type '{ children: Element[]; className: string; }' is not assignable to type 'IntrinsicAttributes & IntrinsicClassAttributes<View> & Readonly<ViewProps>'.
      Property 'className' does not exist on type 'IntrinsicAttributes & IntrinsicClassAttributes<View> & Readonly<ViewProps>'.

[7m18[0m       <View className="px-6 py-6">
[7m  [0m [91m            ~~~~~~~~~[0m


[96msrc/screens/EventDetailScreen.tsx[0m:[93m19[0m:[93m15[0m - [91merror[0m[90m TS2769: [0mNo overload matches this call.
  Overload 1 of 2, '(props: TextProps): Text', gave the following error.
    Type '{ children: string; className: string; }' is not assignable to type 'IntrinsicAttributes & IntrinsicClassAttributes<Text> & Readonly<TextProps>'.
      Property 'className' does not exist on type 'IntrinsicAttributes & IntrinsicClassAttributes<Text> & Readonly<TextProps>'.
  Overload 2 of 2, '(props: TextProps, context: any): Text', gave the following error.
    Type '{ children: string; className: string; }' is not assignable to type 'IntrinsicAttributes & IntrinsicClassAttributes<Text> & Readonly<TextProps>'.
      Property 'className' does not exist on type 'IntrinsicAttributes & IntrinsicClassAttributes<Text> & Readonly<TextProps>'.

[7m19[0m         <Text className="text-2xl font-bold text-text-primary mb-2">
[7m  [0m [91m              ~~~~~~~~~[0m


[96msrc/screens/EventDetailScreen.tsx[0m:[93m23[0m:[93m15[0m - [91merror[0m[90m TS2769: [0mNo overload matches this call.
  Overload 1 of 2, '(props: ViewProps): View', gave the following error.
    Type '{ children: Element[]; className: string; }' is not assignable to type 'IntrinsicAttributes & IntrinsicClassAttributes<View> & Readonly<ViewProps>'.
      Property 'className' does not exist on type 'IntrinsicAttributes & IntrinsicClassAttributes<View> & Readonly<ViewProps>'.
  Overload 2 of 2, '(props: ViewProps, context: any): View', gave the following error.
    Type '{ children: Element[]; className: string; }' is not assignable to type 'IntrinsicAttributes & IntrinsicClassAttributes<View> & Readonly<ViewProps>'.
      Property 'className' does not exist on type 'IntrinsicAttributes & IntrinsicClassAttributes<View> & Readonly<ViewProps>'.

[7m23[0m         <View className="flex-row items-center mb-4">
[7m  [0m [91m              ~~~~~~~~~[0m


[96msrc/screens/EventDetailScreen.tsx[0m:[93m25[0m:[93m17[0m - [91merror[0m[90m TS2769: [0mNo overload matches this call.
  Overload 1 of 2, '(props: TextProps): Text', gave the following error.
    Type '{ children: string; className: string; }' is not assignable to type 'IntrinsicAttributes & IntrinsicClassAttributes<Text> & Readonly<TextProps>'.
      Property 'className' does not exist on type 'IntrinsicAttributes & IntrinsicClassAttributes<Text> & Readonly<TextProps>'.
  Overload 2 of 2, '(props: TextProps, context: any): Text', gave the following error.
    Type '{ children: string; className: string; }' is not assignable to type 'IntrinsicAttributes & IntrinsicClassAttributes<Text> & Readonly<TextProps>'.
      Property 'className' does not exist on type 'IntrinsicAttributes & IntrinsicClassAttributes<Text> & Readonly<TextProps>'.

[7m25[0m           <Text className="text-text-secondary ml-2">
[7m  [0m [91m                ~~~~~~~~~[0m


[96msrc/screens/EventDetailScreen.tsx[0m:[93m30[0m:[93m15[0m - [91merror[0m[90m TS2769: [0mNo overload matches this call.
  Overload 1 of 2, '(props: ViewProps): View', gave the following error.
    Type '{ children: Element[]; className: string; }' is not assignable to type 'IntrinsicAttributes & IntrinsicClassAttributes<View> & Readonly<ViewProps>'.
      Property 'className' does not exist on type 'IntrinsicAttributes & IntrinsicClassAttributes<View> & Readonly<ViewProps>'.
  Overload 2 of 2, '(props: ViewProps, context: any): View', gave the following error.
    Type '{ children: Element[]; className: string; }' is not assignable to type 'IntrinsicAttributes & IntrinsicClassAttributes<View> & Readonly<ViewProps>'.
      Property 'className' does not exist on type 'IntrinsicAttributes & IntrinsicClassAttributes<View> & Readonly<ViewProps>'.

[7m30[0m         <View className="flex-row items-center mb-4">
[7m  [0m [91m              ~~~~~~~~~[0m


[96msrc/screens/EventDetailScreen.tsx[0m:[93m32[0m:[93m17[0m - [91merror[0m[90m TS2769: [0mNo overload matches this call.
  Overload 1 of 2, '(props: TextProps): Text', gave the following error.
    Type '{ children: string; className: string; }' is not assignable to type 'IntrinsicAttributes & IntrinsicClassAttributes<Text> & Readonly<TextProps>'.
      Property 'className' does not exist on type 'IntrinsicAttributes & IntrinsicClassAttributes<Text> & Readonly<TextProps>'.
  Overload 2 of 2, '(props: TextProps, context: any): Text', gave the following error.
    Type '{ children: string; className: string; }' is not assignable to type 'IntrinsicAttributes & IntrinsicClassAttributes<Text> & Readonly<TextProps>'.
      Property 'className' does not exist on type 'IntrinsicAttributes & IntrinsicClassAttributes<Text> & Readonly<TextProps>'.

[7m32[0m           <Text className="text-text-secondary ml-2">
[7m  [0m [91m                ~~~~~~~~~[0m


[96msrc/screens/EventDetailScreen.tsx[0m:[93m37[0m:[93m15[0m - [91merror[0m[90m TS2769: [0mNo overload matches this call.
  Overload 1 of 2, '(props: ViewProps): View', gave the following error.
    Type '{ children: Element; className: string; }' is not assignable to type 'IntrinsicAttributes & IntrinsicClassAttributes<View> & Readonly<ViewProps>'.
      Property 'className' does not exist on type 'IntrinsicAttributes & IntrinsicClassAttributes<View> & Readonly<ViewProps>'.
  Overload 2 of 2, '(props: ViewProps, context: any): View', gave the following error.
    Type '{ children: Element; className: string; }' is not assignable to type 'IntrinsicAttributes & IntrinsicClassAttributes<View> & Readonly<ViewProps>'.
      Property 'className' does not exist on type 'IntrinsicAttributes & IntrinsicClassAttributes<View> & Readonly<ViewProps>'.

[7m37[0m         <View className="flex-row items-center">
[7m  [0m [91m              ~~~~~~~~~[0m


[96msrc/screens/EventDetailScreen.tsx[0m:[93m38[0m:[93m17[0m - [91merror[0m[90m TS2769: [0mNo overload matches this call.
  Overload 1 of 2, '(props: ViewProps): View', gave the following error.
    Type '{ children: Element; className: string; }' is not assignable to type 'IntrinsicAttributes & IntrinsicClassAttributes<View> & Readonly<ViewProps>'.
      Property 'className' does not exist on type 'IntrinsicAttributes & IntrinsicClassAttributes<View> & Readonly<ViewProps>'.
  Overload 2 of 2, '(props: ViewProps, context: any): View', gave the following error.
    Type '{ children: Element; className: string; }' is not assignable to type 'IntrinsicAttributes & IntrinsicClassAttributes<View> & Readonly<ViewProps>'.
      Property 'className' does not exist on type 'IntrinsicAttributes & IntrinsicClassAttributes<View> & Readonly<ViewProps>'.

[7m38[0m           <View className="bg-neon-green rounded-full px-3 py-1">
[7m  [0m [91m                ~~~~~~~~~[0m


[96msrc/screens/EventDetailScreen.tsx[0m:[93m39[0m:[93m19[0m - [91merror[0m[90m TS2769: [0mNo overload matches this call.
  Overload 1 of 2, '(props: TextProps): Text', gave the following error.
    Type '{ children: string; className: string; }' is not assignable to type 'IntrinsicAttributes & IntrinsicClassAttributes<Text> & Readonly<TextProps>'.
      Property 'className' does not exist on type 'IntrinsicAttributes & IntrinsicClassAttributes<Text> & Readonly<TextProps>'.
  Overload 2 of 2, '(props: TextProps, context: any): Text', gave the following error.
    Type '{ children: string; className: string; }' is not assignable to type 'IntrinsicAttributes & IntrinsicClassAttributes<Text> & Readonly<TextProps>'.
      Property 'className' does not exist on type 'IntrinsicAttributes & IntrinsicClassAttributes<Text> & Readonly<TextProps>'.

[7m39[0m             <Text className="text-black text-sm font-semibold">Casual</Text>
[7m  [0m [91m                  ~~~~~~~~~[0m


[96msrc/screens/EventDetailScreen.tsx[0m:[93m45[0m:[93m13[0m - [91merror[0m[90m TS2769: [0mNo overload matches this call.
  Overload 1 of 2, '(props: ViewProps): View', gave the following error.
    Type '{ children: Element[]; className: string; }' is not assignable to type 'IntrinsicAttributes & IntrinsicClassAttributes<View> & Readonly<ViewProps>'.
      Property 'className' does not exist on type 'IntrinsicAttributes & IntrinsicClassAttributes<View> & Readonly<ViewProps>'.
  Overload 2 of 2, '(props: ViewProps, context: any): View', gave the following error.
    Type '{ children: Element[]; className: string; }' is not assignable to type 'IntrinsicAttributes & IntrinsicClassAttributes<View> & Readonly<ViewProps>'.
      Property 'className' does not exist on type 'IntrinsicAttributes & IntrinsicClassAttributes<View> & Readonly<ViewProps>'.

[7m45[0m       <View className="px-6 mb-6">
[7m  [0m [91m            ~~~~~~~~~[0m


[96msrc/screens/EventDetailScreen.tsx[0m:[93m46[0m:[93m15[0m - [91merror[0m[90m TS2769: [0mNo overload matches this call.
  Overload 1 of 2, '(props: TextProps): Text', gave the following error.
    Type '{ children: string; className: string; }' is not assignable to type 'IntrinsicAttributes & IntrinsicClassAttributes<Text> & Readonly<TextProps>'.
      Property 'className' does not exist on type 'IntrinsicAttributes & IntrinsicClassAttributes<Text> & Readonly<TextProps>'.
  Overload 2 of 2, '(props: TextProps, context: any): Text', gave the following error.
    Type '{ children: string; className: string; }' is not assignable to type 'IntrinsicAttributes & IntrinsicClassAttributes<Text> & Readonly<TextProps>'.
      Property 'className' does not exist on type 'IntrinsicAttributes & IntrinsicClassAttributes<Text> & Readonly<TextProps>'.

[7m46[0m         <Text className="text-lg font-semibold text-text-primary mb-3">
[7m  [0m [91m              ~~~~~~~~~[0m


[96msrc/screens/EventDetailScreen.tsx[0m:[93m49[0m:[93m15[0m - [91merror[0m[90m TS2769: [0mNo overload matches this call.
  Overload 1 of 2, '(props: ViewProps): View', gave the following error.
    Type '{ children: Element; className: string; }' is not assignable to type 'IntrinsicAttributes & IntrinsicClassAttributes<View> & Readonly<ViewProps>'.
      Property 'className' does not exist on type 'IntrinsicAttributes & IntrinsicClassAttributes<View> & Readonly<ViewProps>'.
  Overload 2 of 2, '(props: ViewProps, context: any): View', gave the following error.
    Type '{ children: Element; className: string; }' is not assignable to type 'IntrinsicAttributes & IntrinsicClassAttributes<View> & Readonly<ViewProps>'.
      Property 'className' does not exist on type 'IntrinsicAttributes & IntrinsicClassAttributes<View> & Readonly<ViewProps>'.

[7m49[0m         <View className="bg-bg-glass rounded-xl p-4 border border-border-default">
[7m  [0m [91m              ~~~~~~~~~[0m


[96msrc/screens/EventDetailScreen.tsx[0m:[93m50[0m:[93m17[0m - [91merror[0m[90m TS2769: [0mNo overload matches this call.
  Overload 1 of 2, '(props: TextProps): Text', gave the following error.
    Type '{ children: string; className: string; }' is not assignable to type 'IntrinsicAttributes & IntrinsicClassAttributes<Text> & Readonly<TextProps>'.
      Property 'className' does not exist on type 'IntrinsicAttributes & IntrinsicClassAttributes<Text> & Readonly<TextProps>'.
  Overload 2 of 2, '(props: TextProps, context: any): Text', gave the following error.
    Type '{ children: string; className: string; }' is not assignable to type 'IntrinsicAttributes & IntrinsicClassAttributes<Text> & Readonly<TextProps>'.
      Property 'className' does not exist on type 'IntrinsicAttributes & IntrinsicClassAttributes<Text> & Readonly<TextProps>'.

[7m50[0m           <Text className="text-text-secondary">
[7m  [0m [91m                ~~~~~~~~~[0m


[96msrc/screens/EventDetailScreen.tsx[0m:[93m57[0m:[93m13[0m - [91merror[0m[90m TS2769: [0mNo overload matches this call.
  Overload 1 of 2, '(props: ViewProps): View', gave the following error.
    Type '{ children: Element[]; className: string; }' is not assignable to type 'IntrinsicAttributes & IntrinsicClassAttributes<View> & Readonly<ViewProps>'.
      Property 'className' does not exist on type 'IntrinsicAttributes & IntrinsicClassAttributes<View> & Readonly<ViewProps>'.
  Overload 2 of 2, '(props: ViewProps, context: any): View', gave the following error.
    Type '{ children: Element[]; className: string; }' is not assignable to type 'IntrinsicAttributes & IntrinsicClassAttributes<View> & Readonly<ViewProps>'.
      Property 'className' does not exist on type 'IntrinsicAttributes & IntrinsicClassAttributes<View> & Readonly<ViewProps>'.

[7m57[0m       <View className="px-6 mb-6">
[7m  [0m [91m            ~~~~~~~~~[0m


[96msrc/screens/EventDetailScreen.tsx[0m:[93m58[0m:[93m15[0m - [91merror[0m[90m TS2769: [0mNo overload matches this call.
  Overload 1 of 2, '(props: TextProps): Text', gave the following error.
    Type '{ children: string; className: string; }' is not assignable to type 'IntrinsicAttributes & IntrinsicClassAttributes<Text> & Readonly<TextProps>'.
      Property 'className' does not exist on type 'IntrinsicAttributes & IntrinsicClassAttributes<Text> & Readonly<TextProps>'.
  Overload 2 of 2, '(props: TextProps, context: any): Text', gave the following error.
    Type '{ children: string; className: string; }' is not assignable to type 'IntrinsicAttributes & IntrinsicClassAttributes<Text> & Readonly<TextProps>'.
      Property 'className' does not exist on type 'IntrinsicAttributes & IntrinsicClassAttributes<Text> & Readonly<TextProps>'.

[7m58[0m         <Text className="text-lg font-semibold text-text-primary mb-3">
[7m  [0m [91m              ~~~~~~~~~[0m


[96msrc/screens/EventDetailScreen.tsx[0m:[93m61[0m:[93m15[0m - [91merror[0m[90m TS2769: [0mNo overload matches this call.
  Overload 1 of 2, '(props: ViewProps): View', gave the following error.
    Type '{ children: Element; className: string; }' is not assignable to type 'IntrinsicAttributes & IntrinsicClassAttributes<View> & Readonly<ViewProps>'.
      Property 'className' does not exist on type 'IntrinsicAttributes & IntrinsicClassAttributes<View> & Readonly<ViewProps>'.
  Overload 2 of 2, '(props: ViewProps, context: any): View', gave the following error.
    Type '{ children: Element; className: string; }' is not assignable to type 'IntrinsicAttributes & IntrinsicClassAttributes<View> & Readonly<ViewProps>'.
      Property 'className' does not exist on type 'IntrinsicAttributes & IntrinsicClassAttributes<View> & Readonly<ViewProps>'.

[7m61[0m         <View className="bg-bg-glass rounded-xl p-6 border border-border-default">
[7m  [0m [91m              ~~~~~~~~~[0m


[96msrc/screens/EventDetailScreen.tsx[0m:[93m62[0m:[93m17[0m - [91merror[0m[90m TS2769: [0mNo overload matches this call.
  Overload 1 of 2, '(props: ViewProps): View', gave the following error.
    Type '{ children: Element[]; className: string; }' is not assignable to type 'IntrinsicAttributes & IntrinsicClassAttributes<View> & Readonly<ViewProps>'.
      Property 'className' does not exist on type 'IntrinsicAttributes & IntrinsicClassAttributes<View> & Readonly<ViewProps>'.
  Overload 2 of 2, '(props: ViewProps, context: any): View', gave the following error.
    Type '{ children: Element[]; className: string; }' is not assignable to type 'IntrinsicAttributes & IntrinsicClassAttributes<View> & Readonly<ViewProps>'.
      Property 'className' does not exist on type 'IntrinsicAttributes & IntrinsicClassAttributes<View> & Readonly<ViewProps>'.

[7m62[0m           <View className="items-center">
[7m  [0m [91m                ~~~~~~~~~[0m


[96msrc/screens/EventDetailScreen.tsx[0m:[93m64[0m:[93m19[0m - [91merror[0m[90m TS2769: [0mNo overload matches this call.
  Overload 1 of 2, '(props: TextProps): Text', gave the following error.
    Type '{ children: string; className: string; }' is not assignable to type 'IntrinsicAttributes & IntrinsicClassAttributes<Text> & Readonly<TextProps>'.
      Property 'className' does not exist on type 'IntrinsicAttributes & IntrinsicClassAttributes<Text> & Readonly<TextProps>'.
  Overload 2 of 2, '(props: TextProps, context: any): Text', gave the following error.
    Type '{ children: string; className: string; }' is not assignable to type 'IntrinsicAttributes & IntrinsicClassAttributes<Text> & Readonly<TextProps>'.
      Property 'className' does not exist on type 'IntrinsicAttributes & IntrinsicClassAttributes<Text> & Readonly<TextProps>'.

[7m64[0m             <Text className="text-text-secondary text-center mt-3">
[7m  [0m [91m                  ~~~~~~~~~[0m


[96msrc/screens/EventDetailScreen.tsx[0m:[93m67[0m:[93m19[0m - [91merror[0m[90m TS2769: [0mNo overload matches this call.
  Overload 1 of 2, '(props: TextProps): Text', gave the following error.
    Type '{ children: string; className: string; }' is not assignable to type 'IntrinsicAttributes & IntrinsicClassAttributes<Text> & Readonly<TextProps>'.
      Property 'className' does not exist on type 'IntrinsicAttributes & IntrinsicClassAttributes<Text> & Readonly<TextProps>'.
  Overload 2 of 2, '(props: TextProps, context: any): Text', gave the following error.
    Type '{ children: string; className: string; }' is not assignable to type 'IntrinsicAttributes & IntrinsicClassAttributes<Text> & Readonly<TextProps>'.
      Property 'className' does not exist on type 'IntrinsicAttributes & IntrinsicClassAttributes<Text> & Readonly<TextProps>'.

[7m67[0m             <Text className="text-text-muted text-center mt-1 text-sm">
[7m  [0m [91m                  ~~~~~~~~~[0m


[96msrc/screens/EventDetailScreen.tsx[0m:[93m75[0m:[93m13[0m - [91merror[0m[90m TS2769: [0mNo overload matches this call.
  Overload 1 of 2, '(props: ViewProps): View', gave the following error.
    Type '{ children: Element[]; className: string; }' is not assignable to type 'IntrinsicAttributes & IntrinsicClassAttributes<View> & Readonly<ViewProps>'.
      Property 'className' does not exist on type 'IntrinsicAttributes & IntrinsicClassAttributes<View> & Readonly<ViewProps>'.
  Overload 2 of 2, '(props: ViewProps, context: any): View', gave the following error.
    Type '{ children: Element[]; className: string; }' is not assignable to type 'IntrinsicAttributes & IntrinsicClassAttributes<View> & Readonly<ViewProps>'.
      Property 'className' does not exist on type 'IntrinsicAttributes & IntrinsicClassAttributes<View> & Readonly<ViewProps>'.

[7m75[0m       <View className="px-6 mb-8">
[7m  [0m [91m            ~~~~~~~~~[0m


[96msrc/screens/EventDetailScreen.tsx[0m:[93m76[0m:[93m27[0m - [91merror[0m[90m TS2769: [0mNo overload matches this call.
  Overload 1 of 2, '(props: TouchableOpacityProps): TouchableOpacity', gave the following error.
    Type '{ children: Element; className: string; }' is not assignable to type 'IntrinsicAttributes & IntrinsicClassAttributes<TouchableOpacity> & Readonly<TouchableOpacityProps>'.
      Property 'className' does not exist on type 'IntrinsicAttributes & IntrinsicClassAttributes<TouchableOpacity> & Readonly<TouchableOpacityProps>'.
  Overload 2 of 2, '(props: TouchableOpacityProps, context: any): TouchableOpacity', gave the following error.
    Type '{ children: Element; className: string; }' is not assignable to type 'IntrinsicAttributes & IntrinsicClassAttributes<TouchableOpacity> & Readonly<TouchableOpacityProps>'.
      Property 'className' does not exist on type 'IntrinsicAttributes & IntrinsicClassAttributes<TouchableOpacity> & Readonly<TouchableOpacityProps>'.

[7m76[0m         <TouchableOpacity className="bg-neon-green rounded-xl p-4 items-center mb-3">
[7m  [0m [91m                          ~~~~~~~~~[0m


[96msrc/screens/EventDetailScreen.tsx[0m:[93m77[0m:[93m17[0m - [91merror[0m[90m TS2769: [0mNo overload matches this call.
  Overload 1 of 2, '(props: TextProps): Text', gave the following error.
    Type '{ children: string; className: string; }' is not assignable to type 'IntrinsicAttributes & IntrinsicClassAttributes<Text> & Readonly<TextProps>'.
      Property 'className' does not exist on type 'IntrinsicAttributes & IntrinsicClassAttributes<Text> & Readonly<TextProps>'.
  Overload 2 of 2, '(props: TextProps, context: any): Text', gave the following error.
    Type '{ children: string; className: string; }' is not assignable to type 'IntrinsicAttributes & IntrinsicClassAttributes<Text> & Readonly<TextProps>'.
      Property 'className' does not exist on type 'IntrinsicAttributes & IntrinsicClassAttributes<Text> & Readonly<TextProps>'.

[7m77[0m           <Text className="text-black font-semibold text-lg">
[7m  [0m [91m                ~~~~~~~~~[0m


[96msrc/screens/EventDetailScreen.tsx[0m:[93m82[0m:[93m27[0m - [91merror[0m[90m TS2769: [0mNo overload matches this call.
  Overload 1 of 2, '(props: TouchableOpacityProps): TouchableOpacity', gave the following error.
    Type '{ children: Element; className: string; }' is not assignable to type 'IntrinsicAttributes & IntrinsicClassAttributes<TouchableOpacity> & Readonly<TouchableOpacityProps>'.
      Property 'className' does not exist on type 'IntrinsicAttributes & IntrinsicClassAttributes<TouchableOpacity> & Readonly<TouchableOpacityProps>'.
  Overload 2 of 2, '(props: TouchableOpacityProps, context: any): TouchableOpacity', gave the following error.
    Type '{ children: Element; className: string; }' is not assignable to type 'IntrinsicAttributes & IntrinsicClassAttributes<TouchableOpacity> & Readonly<TouchableOpacityProps>'.
      Property 'className' does not exist on type 'IntrinsicAttributes & IntrinsicClassAttributes<TouchableOpacity> & Readonly<TouchableOpacityProps>'.

[7m82[0m         <TouchableOpacity className="bg-bg-glass rounded-xl p-4 items-center border border-border-default">
[7m  [0m [91m                          ~~~~~~~~~[0m


[96msrc/screens/EventDetailScreen.tsx[0m:[93m83[0m:[93m17[0m - [91merror[0m[90m TS2769: [0mNo overload matches this call.
  Overload 1 of 2, '(props: TextProps): Text', gave the following error.
    Type '{ children: string; className: string; }' is not assignable to type 'IntrinsicAttributes & IntrinsicClassAttributes<Text> & Readonly<TextProps>'.
      Property 'className' does not exist on type 'IntrinsicAttributes & IntrinsicClassAttributes<Text> & Readonly<TextProps>'.
  Overload 2 of 2, '(props: TextProps, context: any): Text', gave the following error.
    Type '{ children: string; className: string; }' is not assignable to type 'IntrinsicAttributes & IntrinsicClassAttributes<Text> & Readonly<TextProps>'.
      Property 'className' does not exist on type 'IntrinsicAttributes & IntrinsicClassAttributes<Text> & Readonly<TextProps>'.

[7m83[0m           <Text className="text-text-primary font-semibold">
[7m  [0m [91m                ~~~~~~~~~[0m


[96msrc/screens/EventDetailScreen.tsx[0m:[93m90[0m:[93m13[0m - [91merror[0m[90m TS2769: [0mNo overload matches this call.
  Overload 1 of 2, '(props: ViewProps): View', gave the following error.
    Type '{ className: string; }' is not assignable to type 'IntrinsicAttributes & IntrinsicClassAttributes<View> & Readonly<ViewProps>'.
      Property 'className' does not exist on type 'IntrinsicAttributes & IntrinsicClassAttributes<View> & Readonly<ViewProps>'.
  Overload 2 of 2, '(props: ViewProps, context: any): View', gave the following error.
    Type '{ className: string; }' is not assignable to type 'IntrinsicAttributes & IntrinsicClassAttributes<View> & Readonly<ViewProps>'.
      Property 'className' does not exist on type 'IntrinsicAttributes & IntrinsicClassAttributes<View> & Readonly<ViewProps>'.

[7m90[0m       <View className="h-20" />
[7m  [0m [91m            ~~~~~~~~~[0m


[96msrc/screens/HomeScreen.tsx[0m:[93m1[0m:[93m1[0m - [91merror[0m[90m TS6133: [0m'React' is declared but its value is never read.

[7m1[0m import React from 'react'
[7m [0m [91m~~~~~~~~~~~~~~~~~~~~~~~~~[0m

[96msrc/screens/HomeScreen.tsx[0m:[93m37[0m:[93m7[0m - [91merror[0m[90m TS2769: [0mNo overload matches this call.
  Overload 1 of 2, '(props: ScrollViewProps): ScrollView', gave the following error.
    Type '{ children: Element[]; className: string; refreshControl: Element; }' is not assignable to type 'IntrinsicAttributes & IntrinsicClassAttributes<ScrollView> & Readonly<ScrollViewProps>'.
      Property 'className' does not exist on type 'IntrinsicAttributes & IntrinsicClassAttributes<ScrollView> & Readonly<ScrollViewProps>'.
  Overload 2 of 2, '(props: ScrollViewProps, context: any): ScrollView', gave the following error.
    Type '{ children: Element[]; className: string; refreshControl: Element; }' is not assignable to type 'IntrinsicAttributes & IntrinsicClassAttributes<ScrollView> & Readonly<ScrollViewProps>'.
      Property 'className' does not exist on type 'IntrinsicAttributes & IntrinsicClassAttributes<ScrollView> & Readonly<ScrollViewProps>'.

[7m37[0m       className="flex-1 bg-bg-base"
[7m  [0m [91m      ~~~~~~~~~[0m


[96msrc/screens/HomeScreen.tsx[0m:[93m47[0m:[93m13[0m - [91merror[0m[90m TS2769: [0mNo overload matches this call.
  Overload 1 of 2, '(props: ViewProps): View', gave the following error.
    Type '{ children: Element[]; className: string; }' is not assignable to type 'IntrinsicAttributes & IntrinsicClassAttributes<View> & Readonly<ViewProps>'.
      Property 'className' does not exist on type 'IntrinsicAttributes & IntrinsicClassAttributes<View> & Readonly<ViewProps>'.
  Overload 2 of 2, '(props: ViewProps, context: any): View', gave the following error.
    Type '{ children: Element[]; className: string; }' is not assignable to type 'IntrinsicAttributes & IntrinsicClassAttributes<View> & Readonly<ViewProps>'.
      Property 'className' does not exist on type 'IntrinsicAttributes & IntrinsicClassAttributes<View> & Readonly<ViewProps>'.

[7m47[0m       <View className="px-6 pt-6 pb-4">
[7m  [0m [91m            ~~~~~~~~~[0m


[96msrc/screens/HomeScreen.tsx[0m:[93m48[0m:[93m15[0m - [91merror[0m[90m TS2769: [0mNo overload matches this call.
  Overload 1 of 2, '(props: TextProps): Text', gave the following error.
    Type '{ children: string[]; className: string; }' is not assignable to type 'IntrinsicAttributes & IntrinsicClassAttributes<Text> & Readonly<TextProps>'.
      Property 'className' does not exist on type 'IntrinsicAttributes & IntrinsicClassAttributes<Text> & Readonly<TextProps>'.
  Overload 2 of 2, '(props: TextProps, context: any): Text', gave the following error.
    Type '{ children: string[]; className: string; }' is not assignable to type 'IntrinsicAttributes & IntrinsicClassAttributes<Text> & Readonly<TextProps>'.
      Property 'className' does not exist on type 'IntrinsicAttributes & IntrinsicClassAttributes<Text> & Readonly<TextProps>'.

[7m48[0m         <Text className="text-2xl font-bold text-text-primary">
[7m  [0m [91m              ~~~~~~~~~[0m


[96msrc/screens/HomeScreen.tsx[0m:[93m51[0m:[93m15[0m - [91merror[0m[90m TS2769: [0mNo overload matches this call.
  Overload 1 of 2, '(props: TextProps): Text', gave the following error.
    Type '{ children: string; className: string; }' is not assignable to type 'IntrinsicAttributes & IntrinsicClassAttributes<Text> & Readonly<TextProps>'.
      Property 'className' does not exist on type 'IntrinsicAttributes & IntrinsicClassAttributes<Text> & Readonly<TextProps>'.
  Overload 2 of 2, '(props: TextProps, context: any): Text', gave the following error.
    Type '{ children: string; className: string; }' is not assignable to type 'IntrinsicAttributes & IntrinsicClassAttributes<Text> & Readonly<TextProps>'.
      Property 'className' does not exist on type 'IntrinsicAttributes & IntrinsicClassAttributes<Text> & Readonly<TextProps>'.

[7m51[0m         <Text className="text-text-secondary mt-1">
[7m  [0m [91m              ~~~~~~~~~[0m


[96msrc/screens/HomeScreen.tsx[0m:[93m57[0m:[93m13[0m - [91merror[0m[90m TS2769: [0mNo overload matches this call.
  Overload 1 of 2, '(props: ViewProps): View', gave the following error.
    Type '{ children: Element; className: string; }' is not assignable to type 'IntrinsicAttributes & IntrinsicClassAttributes<View> & Readonly<ViewProps>'.
      Property 'className' does not exist on type 'IntrinsicAttributes & IntrinsicClassAttributes<View> & Readonly<ViewProps>'.
  Overload 2 of 2, '(props: ViewProps, context: any): View', gave the following error.
    Type '{ children: Element; className: string; }' is not assignable to type 'IntrinsicAttributes & IntrinsicClassAttributes<View> & Readonly<ViewProps>'.
      Property 'className' does not exist on type 'IntrinsicAttributes & IntrinsicClassAttributes<View> & Readonly<ViewProps>'.

[7m57[0m       <View className="px-6 mb-6">
[7m  [0m [91m            ~~~~~~~~~[0m


[96msrc/screens/HomeScreen.tsx[0m:[93m60[0m:[93m11[0m - [91merror[0m[90m TS2769: [0mNo overload matches this call.
  Overload 1 of 2, '(props: TouchableOpacityProps): TouchableOpacity', gave the following error.
    Type '{ children: Element[]; onPress: () => void; className: string; }' is not assignable to type 'IntrinsicAttributes & IntrinsicClassAttributes<TouchableOpacity> & Readonly<TouchableOpacityProps>'.
      Property 'className' does not exist on type 'IntrinsicAttributes & IntrinsicClassAttributes<TouchableOpacity> & Readonly<TouchableOpacityProps>'.
  Overload 2 of 2, '(props: TouchableOpacityProps, context: any): TouchableOpacity', gave the following error.
    Type '{ children: Element[]; onPress: () => void; className: string; }' is not assignable to type 'IntrinsicAttributes & IntrinsicClassAttributes<TouchableOpacity> & Readonly<TouchableOpacityProps>'.
      Property 'className' does not exist on type 'IntrinsicAttributes & IntrinsicClassAttributes<TouchableOpacity> & Readonly<TouchableOpacityProps>'.

[7m60[0m           className="bg-neon-green rounded-xl p-4 flex-row items-center justify-center"
[7m  [0m [91m          ~~~~~~~~~[0m


[96msrc/screens/HomeScreen.tsx[0m:[93m63[0m:[93m17[0m - [91merror[0m[90m TS2769: [0mNo overload matches this call.
  Overload 1 of 2, '(props: TextProps): Text', gave the following error.
    Type '{ children: string; className: string; }' is not assignable to type 'IntrinsicAttributes & IntrinsicClassAttributes<Text> & Readonly<TextProps>'.
      Property 'className' does not exist on type 'IntrinsicAttributes & IntrinsicClassAttributes<Text> & Readonly<TextProps>'.
  Overload 2 of 2, '(props: TextProps, context: any): Text', gave the following error.
    Type '{ children: string; className: string; }' is not assignable to type 'IntrinsicAttributes & IntrinsicClassAttributes<Text> & Readonly<TextProps>'.
      Property 'className' does not exist on type 'IntrinsicAttributes & IntrinsicClassAttributes<Text> & Readonly<TextProps>'.

[7m63[0m           <Text className="text-black font-semibold text-lg ml-2">
[7m  [0m [91m                ~~~~~~~~~[0m


[96msrc/screens/HomeScreen.tsx[0m:[93m70[0m:[93m13[0m - [91merror[0m[90m TS2769: [0mNo overload matches this call.
  Overload 1 of 2, '(props: ViewProps): View', gave the following error.
    Type '{ children: Element[]; className: string; }' is not assignable to type 'IntrinsicAttributes & IntrinsicClassAttributes<View> & Readonly<ViewProps>'.
      Property 'className' does not exist on type 'IntrinsicAttributes & IntrinsicClassAttributes<View> & Readonly<ViewProps>'.
  Overload 2 of 2, '(props: ViewProps, context: any): View', gave the following error.
    Type '{ children: Element[]; className: string; }' is not assignable to type 'IntrinsicAttributes & IntrinsicClassAttributes<View> & Readonly<ViewProps>'.
      Property 'className' does not exist on type 'IntrinsicAttributes & IntrinsicClassAttributes<View> & Readonly<ViewProps>'.

[7m70[0m       <View className="px-6 mb-6">
[7m  [0m [91m            ~~~~~~~~~[0m


[96msrc/screens/HomeScreen.tsx[0m:[93m71[0m:[93m15[0m - [91merror[0m[90m TS2769: [0mNo overload matches this call.
  Overload 1 of 2, '(props: TextProps): Text', gave the following error.
    Type '{ children: string; className: string; }' is not assignable to type 'IntrinsicAttributes & IntrinsicClassAttributes<Text> & Readonly<TextProps>'.
      Property 'className' does not exist on type 'IntrinsicAttributes & IntrinsicClassAttributes<Text> & Readonly<TextProps>'.
  Overload 2 of 2, '(props: TextProps, context: any): Text', gave the following error.
    Type '{ children: string; className: string; }' is not assignable to type 'IntrinsicAttributes & IntrinsicClassAttributes<Text> & Readonly<TextProps>'.
      Property 'className' does not exist on type 'IntrinsicAttributes & IntrinsicClassAttributes<Text> & Readonly<TextProps>'.

[7m71[0m         <Text className="text-xl font-semibold text-text-primary mb-4">
[7m  [0m [91m              ~~~~~~~~~[0m


[96msrc/screens/HomeScreen.tsx[0m:[93m75[0m:[93m15[0m - [91merror[0m[90m TS2769: [0mNo overload matches this call.
  Overload 1 of 2, '(props: ViewProps): View', gave the following error.
    Type '{ children: Element; className: string; }' is not assignable to type 'IntrinsicAttributes & IntrinsicClassAttributes<View> & Readonly<ViewProps>'.
      Property 'className' does not exist on type 'IntrinsicAttributes & IntrinsicClassAttributes<View> & Readonly<ViewProps>'.
  Overload 2 of 2, '(props: ViewProps, context: any): View', gave the following error.
    Type '{ children: Element; className: string; }' is not assignable to type 'IntrinsicAttributes & IntrinsicClassAttributes<View> & Readonly<ViewProps>'.
      Property 'className' does not exist on type 'IntrinsicAttributes & IntrinsicClassAttributes<View> & Readonly<ViewProps>'.

[7m75[0m         <View className="bg-bg-glass rounded-xl p-6 border border-border-default">
[7m  [0m [91m              ~~~~~~~~~[0m


[96msrc/screens/HomeScreen.tsx[0m:[93m76[0m:[93m17[0m - [91merror[0m[90m TS2769: [0mNo overload matches this call.
  Overload 1 of 2, '(props: ViewProps): View', gave the following error.
    Type '{ children: Element[]; className: string; }' is not assignable to type 'IntrinsicAttributes & IntrinsicClassAttributes<View> & Readonly<ViewProps>'.
      Property 'className' does not exist on type 'IntrinsicAttributes & IntrinsicClassAttributes<View> & Readonly<ViewProps>'.
  Overload 2 of 2, '(props: ViewProps, context: any): View', gave the following error.
    Type '{ children: Element[]; className: string; }' is not assignable to type 'IntrinsicAttributes & IntrinsicClassAttributes<View> & Readonly<ViewProps>'.
      Property 'className' does not exist on type 'IntrinsicAttributes & IntrinsicClassAttributes<View> & Readonly<ViewProps>'.

[7m76[0m           <View className="items-center">
[7m  [0m [91m                ~~~~~~~~~[0m


[96msrc/screens/HomeScreen.tsx[0m:[93m78[0m:[93m19[0m - [91merror[0m[90m TS2769: [0mNo overload matches this call.
  Overload 1 of 2, '(props: TextProps): Text', gave the following error.
    Type '{ children: string; className: string; }' is not assignable to type 'IntrinsicAttributes & IntrinsicClassAttributes<Text> & Readonly<TextProps>'.
      Property 'className' does not exist on type 'IntrinsicAttributes & IntrinsicClassAttributes<Text> & Readonly<TextProps>'.
  Overload 2 of 2, '(props: TextProps, context: any): Text', gave the following error.
    Type '{ children: string; className: string; }' is not assignable to type 'IntrinsicAttributes & IntrinsicClassAttributes<Text> & Readonly<TextProps>'.
      Property 'className' does not exist on type 'IntrinsicAttributes & IntrinsicClassAttributes<Text> & Readonly<TextProps>'.

[7m78[0m             <Text className="text-text-secondary text-center mt-3">
[7m  [0m [91m                  ~~~~~~~~~[0m


[96msrc/screens/HomeScreen.tsx[0m:[93m81[0m:[93m19[0m - [91merror[0m[90m TS2769: [0mNo overload matches this call.
  Overload 1 of 2, '(props: TextProps): Text', gave the following error.
    Type '{ children: string; className: string; }' is not assignable to type 'IntrinsicAttributes & IntrinsicClassAttributes<Text> & Readonly<TextProps>'.
      Property 'className' does not exist on type 'IntrinsicAttributes & IntrinsicClassAttributes<Text> & Readonly<TextProps>'.
  Overload 2 of 2, '(props: TextProps, context: any): Text', gave the following error.
    Type '{ children: string; className: string; }' is not assignable to type 'IntrinsicAttributes & IntrinsicClassAttributes<Text> & Readonly<TextProps>'.
      Property 'className' does not exist on type 'IntrinsicAttributes & IntrinsicClassAttributes<Text> & Readonly<TextProps>'.

[7m81[0m             <Text className="text-text-muted text-center mt-1 text-sm">
[7m  [0m [91m                  ~~~~~~~~~[0m


[96msrc/screens/HomeScreen.tsx[0m:[93m89[0m:[93m13[0m - [91merror[0m[90m TS2769: [0mNo overload matches this call.
  Overload 1 of 2, '(props: ViewProps): View', gave the following error.
    Type '{ children: Element[]; className: string; }' is not assignable to type 'IntrinsicAttributes & IntrinsicClassAttributes<View> & Readonly<ViewProps>'.
      Property 'className' does not exist on type 'IntrinsicAttributes & IntrinsicClassAttributes<View> & Readonly<ViewProps>'.
  Overload 2 of 2, '(props: ViewProps, context: any): View', gave the following error.
    Type '{ children: Element[]; className: string; }' is not assignable to type 'IntrinsicAttributes & IntrinsicClassAttributes<View> & Readonly<ViewProps>'.
      Property 'className' does not exist on type 'IntrinsicAttributes & IntrinsicClassAttributes<View> & Readonly<ViewProps>'.

[7m89[0m       <View className="px-6 mb-6">
[7m  [0m [91m            ~~~~~~~~~[0m


[96msrc/screens/HomeScreen.tsx[0m:[93m90[0m:[93m15[0m - [91merror[0m[90m TS2769: [0mNo overload matches this call.
  Overload 1 of 2, '(props: TextProps): Text', gave the following error.
    Type '{ children: string; className: string; }' is not assignable to type 'IntrinsicAttributes & IntrinsicClassAttributes<Text> & Readonly<TextProps>'.
      Property 'className' does not exist on type 'IntrinsicAttributes & IntrinsicClassAttributes<Text> & Readonly<TextProps>'.
  Overload 2 of 2, '(props: TextProps, context: any): Text', gave the following error.
    Type '{ children: string; className: string; }' is not assignable to type 'IntrinsicAttributes & IntrinsicClassAttributes<Text> & Readonly<TextProps>'.
      Property 'className' does not exist on type 'IntrinsicAttributes & IntrinsicClassAttributes<Text> & Readonly<TextProps>'.

[7m90[0m         <Text className="text-xl font-semibold text-text-primary mb-4">
[7m  [0m [91m              ~~~~~~~~~[0m


[96msrc/screens/HomeScreen.tsx[0m:[93m94[0m:[93m15[0m - [91merror[0m[90m TS2769: [0mNo overload matches this call.
  Overload 1 of 2, '(props: ViewProps): View', gave the following error.
    Type '{ children: Element; className: string; }' is not assignable to type 'IntrinsicAttributes & IntrinsicClassAttributes<View> & Readonly<ViewProps>'.
      Property 'className' does not exist on type 'IntrinsicAttributes & IntrinsicClassAttributes<View> & Readonly<ViewProps>'.
  Overload 2 of 2, '(props: ViewProps, context: any): View', gave the following error.
    Type '{ children: Element; className: string; }' is not assignable to type 'IntrinsicAttributes & IntrinsicClassAttributes<View> & Readonly<ViewProps>'.
      Property 'className' does not exist on type 'IntrinsicAttributes & IntrinsicClassAttributes<View> & Readonly<ViewProps>'.

[7m94[0m         <View className="bg-bg-glass rounded-xl p-6 border border-border-default">
[7m  [0m [91m              ~~~~~~~~~[0m


[96msrc/screens/HomeScreen.tsx[0m:[93m95[0m:[93m17[0m - [91merror[0m[90m TS2769: [0mNo overload matches this call.
  Overload 1 of 2, '(props: ViewProps): View', gave the following error.
    Type '{ children: Element[]; className: string; }' is not assignable to type 'IntrinsicAttributes & IntrinsicClassAttributes<View> & Readonly<ViewProps>'.
      Property 'className' does not exist on type 'IntrinsicAttributes & IntrinsicClassAttributes<View> & Readonly<ViewProps>'.
  Overload 2 of 2, '(props: ViewProps, context: any): View', gave the following error.
    Type '{ children: Element[]; className: string; }' is not assignable to type 'IntrinsicAttributes & IntrinsicClassAttributes<View> & Readonly<ViewProps>'.
      Property 'className' does not exist on type 'IntrinsicAttributes & IntrinsicClassAttributes<View> & Readonly<ViewProps>'.

[7m95[0m           <View className="items-center">
[7m  [0m [91m                ~~~~~~~~~[0m


[96msrc/screens/HomeScreen.tsx[0m:[93m97[0m:[93m19[0m - [91merror[0m[90m TS2769: [0mNo overload matches this call.
  Overload 1 of 2, '(props: TextProps): Text', gave the following error.
    Type '{ children: string; className: string; }' is not assignable to type 'IntrinsicAttributes & IntrinsicClassAttributes<Text> & Readonly<TextProps>'.
      Property 'className' does not exist on type 'IntrinsicAttributes & IntrinsicClassAttributes<Text> & Readonly<TextProps>'.
  Overload 2 of 2, '(props: TextProps, context: any): Text', gave the following error.
    Type '{ children: string; className: string; }' is not assignable to type 'IntrinsicAttributes & IntrinsicClassAttributes<Text> & Readonly<TextProps>'.
      Property 'className' does not exist on type 'IntrinsicAttributes & IntrinsicClassAttributes<Text> & Readonly<TextProps>'.

[7m97[0m             <Text className="text-text-secondary text-center mt-3">
[7m  [0m [91m                  ~~~~~~~~~[0m


[96msrc/screens/HomeScreen.tsx[0m:[93m100[0m:[93m19[0m - [91merror[0m[90m TS2769: [0mNo overload matches this call.
  Overload 1 of 2, '(props: TextProps): Text', gave the following error.
    Type '{ children: string; className: string; }' is not assignable to type 'IntrinsicAttributes & IntrinsicClassAttributes<Text> & Readonly<TextProps>'.
      Property 'className' does not exist on type 'IntrinsicAttributes & IntrinsicClassAttributes<Text> & Readonly<TextProps>'.
  Overload 2 of 2, '(props: TextProps, context: any): Text', gave the following error.
    Type '{ children: string; className: string; }' is not assignable to type 'IntrinsicAttributes & IntrinsicClassAttributes<Text> & Readonly<TextProps>'.
      Property 'className' does not exist on type 'IntrinsicAttributes & IntrinsicClassAttributes<Text> & Readonly<TextProps>'.

[7m100[0m             <Text className="text-text-muted text-center mt-1 text-sm">
[7m   [0m [91m                  ~~~~~~~~~[0m


[96msrc/screens/HomeScreen.tsx[0m:[93m108[0m:[93m13[0m - [91merror[0m[90m TS2769: [0mNo overload matches this call.
  Overload 1 of 2, '(props: ViewProps): View', gave the following error.
    Type '{ className: string; }' is not assignable to type 'IntrinsicAttributes & IntrinsicClassAttributes<View> & Readonly<ViewProps>'.
      Property 'className' does not exist on type 'IntrinsicAttributes & IntrinsicClassAttributes<View> & Readonly<ViewProps>'.
  Overload 2 of 2, '(props: ViewProps, context: any): View', gave the following error.
    Type '{ className: string; }' is not assignable to type 'IntrinsicAttributes & IntrinsicClassAttributes<View> & Readonly<ViewProps>'.
      Property 'className' does not exist on type 'IntrinsicAttributes & IntrinsicClassAttributes<View> & Readonly<ViewProps>'.

[7m108[0m       <View className="h-20" />
[7m   [0m [91m            ~~~~~~~~~[0m


[96msrc/screens/LoadingScreen.tsx[0m:[93m1[0m:[93m1[0m - [91merror[0m[90m TS6133: [0m'React' is declared but its value is never read.

[7m1[0m import React from 'react'
[7m [0m [91m~~~~~~~~~~~~~~~~~~~~~~~~~[0m

[96msrc/screens/LoadingScreen.tsx[0m:[93m6[0m:[93m11[0m - [91merror[0m[90m TS2769: [0mNo overload matches this call.
  Overload 1 of 2, '(props: ViewProps): View', gave the following error.
    Type '{ children: Element[]; className: string; }' is not assignable to type 'IntrinsicAttributes & IntrinsicClassAttributes<View> & Readonly<ViewProps>'.
      Property 'className' does not exist on type 'IntrinsicAttributes & IntrinsicClassAttributes<View> & Readonly<ViewProps>'.
  Overload 2 of 2, '(props: ViewProps, context: any): View', gave the following error.
    Type '{ children: Element[]; className: string; }' is not assignable to type 'IntrinsicAttributes & IntrinsicClassAttributes<View> & Readonly<ViewProps>'.
      Property 'className' does not exist on type 'IntrinsicAttributes & IntrinsicClassAttributes<View> & Readonly<ViewProps>'.

[7m6[0m     <View className="flex-1 bg-bg-base justify-center items-center">
[7m [0m [91m          ~~~~~~~~~[0m


[96msrc/screens/LoadingScreen.tsx[0m:[93m8[0m:[93m13[0m - [91merror[0m[90m TS2769: [0mNo overload matches this call.
  Overload 1 of 2, '(props: TextProps): Text', gave the following error.
    Type '{ children: string; className: string; }' is not assignable to type 'IntrinsicAttributes & IntrinsicClassAttributes<Text> & Readonly<TextProps>'.
      Property 'className' does not exist on type 'IntrinsicAttributes & IntrinsicClassAttributes<Text> & Readonly<TextProps>'.
  Overload 2 of 2, '(props: TextProps, context: any): Text', gave the following error.
    Type '{ children: string; className: string; }' is not assignable to type 'IntrinsicAttributes & IntrinsicClassAttributes<Text> & Readonly<TextProps>'.
      Property 'className' does not exist on type 'IntrinsicAttributes & IntrinsicClassAttributes<Text> & Readonly<TextProps>'.

[7m8[0m       <Text className="text-text-primary text-lg mt-4 font-semibold">
[7m [0m [91m            ~~~~~~~~~[0m


[96msrc/screens/LoadingScreen.tsx[0m:[93m11[0m:[93m13[0m - [91merror[0m[90m TS2769: [0mNo overload matches this call.
  Overload 1 of 2, '(props: TextProps): Text', gave the following error.
    Type '{ children: string; className: string; }' is not assignable to type 'IntrinsicAttributes & IntrinsicClassAttributes<Text> & Readonly<TextProps>'.
      Property 'className' does not exist on type 'IntrinsicAttributes & IntrinsicClassAttributes<Text> & Readonly<TextProps>'.
  Overload 2 of 2, '(props: TextProps, context: any): Text', gave the following error.
    Type '{ children: string; className: string; }' is not assignable to type 'IntrinsicAttributes & IntrinsicClassAttributes<Text> & Readonly<TextProps>'.
      Property 'className' does not exist on type 'IntrinsicAttributes & IntrinsicClassAttributes<Text> & Readonly<TextProps>'.

[7m11[0m       <Text className="text-text-secondary text-sm mt-2">
[7m  [0m [91m            ~~~~~~~~~[0m


[96msrc/screens/LoginScreen.tsx[0m:[93m1[0m:[93m8[0m - [91merror[0m[90m TS6133: [0m'React' is declared but its value is never read.

[7m1[0m import React, { useState } from 'react'
[7m [0m [91m       ~~~~~[0m

[96msrc/screens/LoginScreen.tsx[0m:[93m25[0m:[93m11[0m - [91merror[0m[90m TS2769: [0mNo overload matches this call.
  Overload 1 of 2, '(props: ViewProps): View', gave the following error.
    Type '{ children: Element[]; className: string; }' is not assignable to type 'IntrinsicAttributes & IntrinsicClassAttributes<View> & Readonly<ViewProps>'.
      Property 'className' does not exist on type 'IntrinsicAttributes & IntrinsicClassAttributes<View> & Readonly<ViewProps>'.
  Overload 2 of 2, '(props: ViewProps, context: any): View', gave the following error.
    Type '{ children: Element[]; className: string; }' is not assignable to type 'IntrinsicAttributes & IntrinsicClassAttributes<View> & Readonly<ViewProps>'.
      Property 'className' does not exist on type 'IntrinsicAttributes & IntrinsicClassAttributes<View> & Readonly<ViewProps>'.

[7m25[0m     <View className="flex-1 bg-bg-base justify-center items-center px-6">
[7m  [0m [91m          ~~~~~~~~~[0m


[96msrc/screens/LoginScreen.tsx[0m:[93m27[0m:[93m13[0m - [91merror[0m[90m TS2769: [0mNo overload matches this call.
  Overload 1 of 2, '(props: ViewProps): View', gave the following error.
    Type '{ children: Element[]; className: string; }' is not assignable to type 'IntrinsicAttributes & IntrinsicClassAttributes<View> & Readonly<ViewProps>'.
      Property 'className' does not exist on type 'IntrinsicAttributes & IntrinsicClassAttributes<View> & Readonly<ViewProps>'.
  Overload 2 of 2, '(props: ViewProps, context: any): View', gave the following error.
    Type '{ children: Element[]; className: string; }' is not assignable to type 'IntrinsicAttributes & IntrinsicClassAttributes<View> & Readonly<ViewProps>'.
      Property 'className' does not exist on type 'IntrinsicAttributes & IntrinsicClassAttributes<View> & Readonly<ViewProps>'.

[7m27[0m       <View className="items-center mb-12">
[7m  [0m [91m            ~~~~~~~~~[0m


[96msrc/screens/LoginScreen.tsx[0m:[93m28[0m:[93m15[0m - [91merror[0m[90m TS2769: [0mNo overload matches this call.
  Overload 1 of 2, '(props: TextProps): Text', gave the following error.
    Type '{ children: string; className: string; }' is not assignable to type 'IntrinsicAttributes & IntrinsicClassAttributes<Text> & Readonly<TextProps>'.
      Property 'className' does not exist on type 'IntrinsicAttributes & IntrinsicClassAttributes<Text> & Readonly<TextProps>'.
  Overload 2 of 2, '(props: TextProps, context: any): Text', gave the following error.
    Type '{ children: string; className: string; }' is not assignable to type 'IntrinsicAttributes & IntrinsicClassAttributes<Text> & Readonly<TextProps>'.
      Property 'className' does not exist on type 'IntrinsicAttributes & IntrinsicClassAttributes<Text> & Readonly<TextProps>'.

[7m28[0m         <Text className="text-4xl font-bold text-text-primary mb-2">
[7m  [0m [91m              ~~~~~~~~~[0m


[96msrc/screens/LoginScreen.tsx[0m:[93m31[0m:[93m15[0m - [91merror[0m[90m TS2769: [0mNo overload matches this call.
  Overload 1 of 2, '(props: TextProps): Text', gave the following error.
    Type '{ children: string; className: string; }' is not assignable to type 'IntrinsicAttributes & IntrinsicClassAttributes<Text> & Readonly<TextProps>'.
      Property 'className' does not exist on type 'IntrinsicAttributes & IntrinsicClassAttributes<Text> & Readonly<TextProps>'.
  Overload 2 of 2, '(props: TextProps, context: any): Text', gave the following error.
    Type '{ children: string; className: string; }' is not assignable to type 'IntrinsicAttributes & IntrinsicClassAttributes<Text> & Readonly<TextProps>'.
      Property 'className' does not exist on type 'IntrinsicAttributes & IntrinsicClassAttributes<Text> & Readonly<TextProps>'.

[7m31[0m         <Text className="text-lg text-neon-green font-semibold">
[7m  [0m [91m              ~~~~~~~~~[0m


[96msrc/screens/LoginScreen.tsx[0m:[93m34[0m:[93m15[0m - [91merror[0m[90m TS2769: [0mNo overload matches this call.
  Overload 1 of 2, '(props: TextProps): Text', gave the following error.
    Type '{ children: string; className: string; }' is not assignable to type 'IntrinsicAttributes & IntrinsicClassAttributes<Text> & Readonly<TextProps>'.
      Property 'className' does not exist on type 'IntrinsicAttributes & IntrinsicClassAttributes<Text> & Readonly<TextProps>'.
  Overload 2 of 2, '(props: TextProps, context: any): Text', gave the following error.
    Type '{ children: string; className: string; }' is not assignable to type 'IntrinsicAttributes & IntrinsicClassAttributes<Text> & Readonly<TextProps>'.
      Property 'className' does not exist on type 'IntrinsicAttributes & IntrinsicClassAttributes<Text> & Readonly<TextProps>'.

[7m34[0m         <Text className="text-text-secondary text-center mt-4 text-base">
[7m  [0m [91m              ~~~~~~~~~[0m


[96msrc/screens/LoginScreen.tsx[0m:[93m43[0m:[93m9[0m - [91merror[0m[90m TS2769: [0mNo overload matches this call.
  Overload 1 of 2, '(props: TouchableOpacityProps): TouchableOpacity', gave the following error.
    Type '{ children: Element[]; onPress: () => Promise<void>; disabled: boolean; className: string; style: { opacity: number; }; }' is not assignable to type 'IntrinsicAttributes & IntrinsicClassAttributes<TouchableOpacity> & Readonly<TouchableOpacityProps>'.
      Property 'className' does not exist on type 'IntrinsicAttributes & IntrinsicClassAttributes<TouchableOpacity> & Readonly<TouchableOpacityProps>'.
  Overload 2 of 2, '(props: TouchableOpacityProps, context: any): TouchableOpacity', gave the following error.
    Type '{ children: Element[]; onPress: () => Promise<void>; disabled: boolean; className: string; style: { opacity: number; }; }' is not assignable to type 'IntrinsicAttributes & IntrinsicClassAttributes<TouchableOpacity> & Readonly<TouchableOpacityProps>'.
      Property 'className' does not exist on type 'IntrinsicAttributes & IntrinsicClassAttributes<TouchableOpacity> & Readonly<TouchableOpacityProps>'.

[7m43[0m         className="bg-white rounded-xl px-6 py-4 flex-row items-center justify-center w-full max-w-sm"
[7m  [0m [91m        ~~~~~~~~~[0m


[96msrc/screens/LoginScreen.tsx[0m:[93m47[0m:[93m15[0m - [91merror[0m[90m TS2769: [0mNo overload matches this call.
  Overload 1 of 2, '(props: TextProps): Text', gave the following error.
    Type '{ children: string; className: string; }' is not assignable to type 'IntrinsicAttributes & IntrinsicClassAttributes<Text> & Readonly<TextProps>'.
      Property 'className' does not exist on type 'IntrinsicAttributes & IntrinsicClassAttributes<Text> & Readonly<TextProps>'.
  Overload 2 of 2, '(props: TextProps, context: any): Text', gave the following error.
    Type '{ children: string; className: string; }' is not assignable to type 'IntrinsicAttributes & IntrinsicClassAttributes<Text> & Readonly<TextProps>'.
      Property 'className' does not exist on type 'IntrinsicAttributes & IntrinsicClassAttributes<Text> & Readonly<TextProps>'.

[7m47[0m         <Text className="text-gray-800 font-semibold text-lg ml-3">
[7m  [0m [91m              ~~~~~~~~~[0m


[96msrc/screens/LoginScreen.tsx[0m:[93m53[0m:[93m13[0m - [91merror[0m[90m TS2769: [0mNo overload matches this call.
  Overload 1 of 2, '(props: TextProps): Text', gave the following error.
    Type '{ children: string; className: string; }' is not assignable to type 'IntrinsicAttributes & IntrinsicClassAttributes<Text> & Readonly<TextProps>'.
      Property 'className' does not exist on type 'IntrinsicAttributes & IntrinsicClassAttributes<Text> & Readonly<TextProps>'.
  Overload 2 of 2, '(props: TextProps, context: any): Text', gave the following error.
    Type '{ children: string; className: string; }' is not assignable to type 'IntrinsicAttributes & IntrinsicClassAttributes<Text> & Readonly<TextProps>'.
      Property 'className' does not exist on type 'IntrinsicAttributes & IntrinsicClassAttributes<Text> & Readonly<TextProps>'.

[7m53[0m       <Text className="text-text-muted text-sm text-center mt-8 px-4">
[7m  [0m [91m            ~~~~~~~~~[0m


[96msrc/screens/ProfileScreen.tsx[0m:[93m1[0m:[93m1[0m - [91merror[0m[90m TS6133: [0m'React' is declared but its value is never read.

[7m1[0m import React from 'react'
[7m [0m [91m~~~~~~~~~~~~~~~~~~~~~~~~~[0m

[96msrc/screens/ProfileScreen.tsx[0m:[93m16[0m:[93m5[0m - [91merror[0m[90m TS6133: [0m'refetch' is declared but its value is never read.

[7m16[0m     refetch
[7m  [0m [91m    ~~~~~~~[0m

[96msrc/screens/ProfileScreen.tsx[0m:[93m49[0m:[93m13[0m - [91merror[0m[90m TS2769: [0mNo overload matches this call.
  Overload 1 of 2, '(props: ViewProps): View', gave the following error.
    Type '{ children: Element; className: string; }' is not assignable to type 'IntrinsicAttributes & IntrinsicClassAttributes<View> & Readonly<ViewProps>'.
      Property 'className' does not exist on type 'IntrinsicAttributes & IntrinsicClassAttributes<View> & Readonly<ViewProps>'.
  Overload 2 of 2, '(props: ViewProps, context: any): View', gave the following error.
    Type '{ children: Element; className: string; }' is not assignable to type 'IntrinsicAttributes & IntrinsicClassAttributes<View> & Readonly<ViewProps>'.
      Property 'className' does not exist on type 'IntrinsicAttributes & IntrinsicClassAttributes<View> & Readonly<ViewProps>'.

[7m49[0m       <View className="flex-1 bg-bg-base justify-center items-center">
[7m  [0m [91m            ~~~~~~~~~[0m


[96msrc/screens/ProfileScreen.tsx[0m:[93m50[0m:[93m15[0m - [91merror[0m[90m TS2769: [0mNo overload matches this call.
  Overload 1 of 2, '(props: TextProps): Text', gave the following error.
    Type '{ children: string; className: string; }' is not assignable to type 'IntrinsicAttributes & IntrinsicClassAttributes<Text> & Readonly<TextProps>'.
      Property 'className' does not exist on type 'IntrinsicAttributes & IntrinsicClassAttributes<Text> & Readonly<TextProps>'.
  Overload 2 of 2, '(props: TextProps, context: any): Text', gave the following error.
    Type '{ children: string; className: string; }' is not assignable to type 'IntrinsicAttributes & IntrinsicClassAttributes<Text> & Readonly<TextProps>'.
      Property 'className' does not exist on type 'IntrinsicAttributes & IntrinsicClassAttributes<Text> & Readonly<TextProps>'.

[7m50[0m         <Text className="text-text-secondary">Loading profile...</Text>
[7m  [0m [91m              ~~~~~~~~~[0m


[96msrc/screens/ProfileScreen.tsx[0m:[93m56[0m:[93m17[0m - [91merror[0m[90m TS2769: [0mNo overload matches this call.
  Overload 1 of 2, '(props: ScrollViewProps): ScrollView', gave the following error.
    Type '{ children: Element[]; className: string; }' is not assignable to type 'IntrinsicAttributes & IntrinsicClassAttributes<ScrollView> & Readonly<ScrollViewProps>'.
      Property 'className' does not exist on type 'IntrinsicAttributes & IntrinsicClassAttributes<ScrollView> & Readonly<ScrollViewProps>'.
  Overload 2 of 2, '(props: ScrollViewProps, context: any): ScrollView', gave the following error.
    Type '{ children: Element[]; className: string; }' is not assignable to type 'IntrinsicAttributes & IntrinsicClassAttributes<ScrollView> & Readonly<ScrollViewProps>'.
      Property 'className' does not exist on type 'IntrinsicAttributes & IntrinsicClassAttributes<ScrollView> & Readonly<ScrollViewProps>'.

[7m56[0m     <ScrollView className="flex-1 bg-bg-base">
[7m  [0m [91m                ~~~~~~~~~[0m


[96msrc/screens/ProfileScreen.tsx[0m:[93m58[0m:[93m13[0m - [91merror[0m[90m TS2769: [0mNo overload matches this call.
  Overload 1 of 2, '(props: ViewProps): View', gave the following error.
    Type '{ children: Element; className: string; }' is not assignable to type 'IntrinsicAttributes & IntrinsicClassAttributes<View> & Readonly<ViewProps>'.
      Property 'className' does not exist on type 'IntrinsicAttributes & IntrinsicClassAttributes<View> & Readonly<ViewProps>'.
  Overload 2 of 2, '(props: ViewProps, context: any): View', gave the following error.
    Type '{ children: Element; className: string; }' is not assignable to type 'IntrinsicAttributes & IntrinsicClassAttributes<View> & Readonly<ViewProps>'.
      Property 'className' does not exist on type 'IntrinsicAttributes & IntrinsicClassAttributes<View> & Readonly<ViewProps>'.

[7m58[0m       <View className="px-6 pt-6 pb-4">
[7m  [0m [91m            ~~~~~~~~~[0m


[96msrc/screens/ProfileScreen.tsx[0m:[93m59[0m:[93m15[0m - [91merror[0m[90m TS2769: [0mNo overload matches this call.
  Overload 1 of 2, '(props: ViewProps): View', gave the following error.
    Type '{ children: ("" | Element | null | undefined)[]; className: string; }' is not assignable to type 'IntrinsicAttributes & IntrinsicClassAttributes<View> & Readonly<ViewProps>'.
      Property 'className' does not exist on type 'IntrinsicAttributes & IntrinsicClassAttributes<View> & Readonly<ViewProps>'.
  Overload 2 of 2, '(props: ViewProps, context: any): View', gave the following error.
    Type '{ children: ("" | Element | null | undefined)[]; className: string; }' is not assignable to type 'IntrinsicAttributes & IntrinsicClassAttributes<View> & Readonly<ViewProps>'.
      Property 'className' does not exist on type 'IntrinsicAttributes & IntrinsicClassAttributes<View> & Readonly<ViewProps>'.

[7m59[0m         <View className="items-center">
[7m  [0m [91m              ~~~~~~~~~[0m


[96msrc/screens/ProfileScreen.tsx[0m:[93m61[0m:[93m17[0m - [91merror[0m[90m TS2769: [0mNo overload matches this call.
  Overload 1 of 2, '(props: ViewProps): View', gave the following error.
    Type '{ children: Element; className: string; }' is not assignable to type 'IntrinsicAttributes & IntrinsicClassAttributes<View> & Readonly<ViewProps>'.
      Property 'className' does not exist on type 'IntrinsicAttributes & IntrinsicClassAttributes<View> & Readonly<ViewProps>'.
  Overload 2 of 2, '(props: ViewProps, context: any): View', gave the following error.
    Type '{ children: Element; className: string; }' is not assignable to type 'IntrinsicAttributes & IntrinsicClassAttributes<View> & Readonly<ViewProps>'.
      Property 'className' does not exist on type 'IntrinsicAttributes & IntrinsicClassAttributes<View> & Readonly<ViewProps>'.

[7m61[0m           <View className="w-24 h-24 bg-bg-glass rounded-full items-center justify-center border border-border-default mb-4">
[7m  [0m [91m                ~~~~~~~~~[0m


[96msrc/screens/ProfileScreen.tsx[0m:[93m65[0m:[93m17[0m - [91merror[0m[90m TS2769: [0mNo overload matches this call.
  Overload 1 of 2, '(props: TextProps): Text', gave the following error.
    Type '{ children: string; className: string; }' is not assignable to type 'IntrinsicAttributes & IntrinsicClassAttributes<Text> & Readonly<TextProps>'.
      Property 'className' does not exist on type 'IntrinsicAttributes & IntrinsicClassAttributes<Text> & Readonly<TextProps>'.
  Overload 2 of 2, '(props: TextProps, context: any): Text', gave the following error.
    Type '{ children: string; className: string; }' is not assignable to type 'IntrinsicAttributes & IntrinsicClassAttributes<Text> & Readonly<TextProps>'.
      Property 'className' does not exist on type 'IntrinsicAttributes & IntrinsicClassAttributes<Text> & Readonly<TextProps>'.

[7m65[0m           <Text className="text-2xl font-bold text-text-primary">
[7m  [0m [91m                ~~~~~~~~~[0m


[96msrc/screens/ProfileScreen.tsx[0m:[93m70[0m:[93m19[0m - [91merror[0m[90m TS2769: [0mNo overload matches this call.
  Overload 1 of 2, '(props: TextProps): Text', gave the following error.
    Type '{ children: string[]; className: string; }' is not assignable to type 'IntrinsicAttributes & IntrinsicClassAttributes<Text> & Readonly<TextProps>'.
      Property 'className' does not exist on type 'IntrinsicAttributes & IntrinsicClassAttributes<Text> & Readonly<TextProps>'.
  Overload 2 of 2, '(props: TextProps, context: any): Text', gave the following error.
    Type '{ children: string[]; className: string; }' is not assignable to type 'IntrinsicAttributes & IntrinsicClassAttributes<Text> & Readonly<TextProps>'.
      Property 'className' does not exist on type 'IntrinsicAttributes & IntrinsicClassAttributes<Text> & Readonly<TextProps>'.

[7m70[0m             <Text className="text-neon-green italic text-lg mt-1">
[7m  [0m [91m                  ~~~~~~~~~[0m


[96msrc/screens/ProfileScreen.tsx[0m:[93m75[0m:[93m17[0m - [91merror[0m[90m TS2769: [0mNo overload matches this call.
  Overload 1 of 2, '(props: TextProps): Text', gave the following error.
    Type '{ children: string[]; className: string; }' is not assignable to type 'IntrinsicAttributes & IntrinsicClassAttributes<Text> & Readonly<TextProps>'.
      Property 'className' does not exist on type 'IntrinsicAttributes & IntrinsicClassAttributes<Text> & Readonly<TextProps>'.
  Overload 2 of 2, '(props: TextProps, context: any): Text', gave the following error.
    Type '{ children: string[]; className: string; }' is not assignable to type 'IntrinsicAttributes & IntrinsicClassAttributes<Text> & Readonly<TextProps>'.
      Property 'className' does not exist on type 'IntrinsicAttributes & IntrinsicClassAttributes<Text> & Readonly<TextProps>'.

[7m75[0m           <Text className="text-text-secondary mt-2">
[7m  [0m [91m                ~~~~~~~~~[0m


[96msrc/screens/ProfileScreen.tsx[0m:[93m80[0m:[93m19[0m - [91merror[0m[90m TS2769: [0mNo overload matches this call.
  Overload 1 of 2, '(props: TextProps): Text', gave the following error.
    Type '{ children: string; className: string; }' is not assignable to type 'IntrinsicAttributes & IntrinsicClassAttributes<Text> & Readonly<TextProps>'.
      Property 'className' does not exist on type 'IntrinsicAttributes & IntrinsicClassAttributes<Text> & Readonly<TextProps>'.
  Overload 2 of 2, '(props: TextProps, context: any): Text', gave the following error.
    Type '{ children: string; className: string; }' is not assignable to type 'IntrinsicAttributes & IntrinsicClassAttributes<Text> & Readonly<TextProps>'.
      Property 'className' does not exist on type 'IntrinsicAttributes & IntrinsicClassAttributes<Text> & Readonly<TextProps>'.

[7m80[0m             <Text className="text-text-secondary text-center mt-3 px-4">
[7m  [0m [91m                  ~~~~~~~~~[0m


[96msrc/screens/ProfileScreen.tsx[0m:[93m88[0m:[93m13[0m - [91merror[0m[90m TS2769: [0mNo overload matches this call.
  Overload 1 of 2, '(props: ViewProps): View', gave the following error.
    Type '{ children: Element; className: string; }' is not assignable to type 'IntrinsicAttributes & IntrinsicClassAttributes<View> & Readonly<ViewProps>'.
      Property 'className' does not exist on type 'IntrinsicAttributes & IntrinsicClassAttributes<View> & Readonly<ViewProps>'.
  Overload 2 of 2, '(props: ViewProps, context: any): View', gave the following error.
    Type '{ children: Element; className: string; }' is not assignable to type 'IntrinsicAttributes & IntrinsicClassAttributes<View> & Readonly<ViewProps>'.
      Property 'className' does not exist on type 'IntrinsicAttributes & IntrinsicClassAttributes<View> & Readonly<ViewProps>'.

[7m88[0m       <View className="px-6 mb-6">
[7m  [0m [91m            ~~~~~~~~~[0m


[96msrc/screens/ProfileScreen.tsx[0m:[93m89[0m:[93m15[0m - [91merror[0m[90m TS2769: [0mNo overload matches this call.
  Overload 1 of 2, '(props: ViewProps): View', gave the following error.
    Type '{ children: Element; className: string; }' is not assignable to type 'IntrinsicAttributes & IntrinsicClassAttributes<View> & Readonly<ViewProps>'.
      Property 'className' does not exist on type 'IntrinsicAttributes & IntrinsicClassAttributes<View> & Readonly<ViewProps>'.
  Overload 2 of 2, '(props: ViewProps, context: any): View', gave the following error.
    Type '{ children: Element; className: string; }' is not assignable to type 'IntrinsicAttributes & IntrinsicClassAttributes<View> & Readonly<ViewProps>'.
      Property 'className' does not exist on type 'IntrinsicAttributes & IntrinsicClassAttributes<View> & Readonly<ViewProps>'.

[7m89[0m         <View className="bg-bg-glass rounded-xl p-4 border border-border-default">
[7m  [0m [91m              ~~~~~~~~~[0m


[96msrc/screens/ProfileScreen.tsx[0m:[93m90[0m:[93m17[0m - [91merror[0m[90m TS2769: [0mNo overload matches this call.
  Overload 1 of 2, '(props: ViewProps): View', gave the following error.
    Type '{ children: Element[]; className: string; }' is not assignable to type 'IntrinsicAttributes & IntrinsicClassAttributes<View> & Readonly<ViewProps>'.
      Property 'className' does not exist on type 'IntrinsicAttributes & IntrinsicClassAttributes<View> & Readonly<ViewProps>'.
  Overload 2 of 2, '(props: ViewProps, context: any): View', gave the following error.
    Type '{ children: Element[]; className: string; }' is not assignable to type 'IntrinsicAttributes & IntrinsicClassAttributes<View> & Readonly<ViewProps>'.
      Property 'className' does not exist on type 'IntrinsicAttributes & IntrinsicClassAttributes<View> & Readonly<ViewProps>'.

[7m90[0m           <View className="flex-row justify-around">
[7m  [0m [91m                ~~~~~~~~~[0m


[96msrc/screens/ProfileScreen.tsx[0m:[93m91[0m:[93m19[0m - [91merror[0m[90m TS2769: [0mNo overload matches this call.
  Overload 1 of 2, '(props: ViewProps): View', gave the following error.
    Type '{ children: Element[]; className: string; }' is not assignable to type 'IntrinsicAttributes & IntrinsicClassAttributes<View> & Readonly<ViewProps>'.
      Property 'className' does not exist on type 'IntrinsicAttributes & IntrinsicClassAttributes<View> & Readonly<ViewProps>'.
  Overload 2 of 2, '(props: ViewProps, context: any): View', gave the following error.
    Type '{ children: Element[]; className: string; }' is not assignable to type 'IntrinsicAttributes & IntrinsicClassAttributes<View> & Readonly<ViewProps>'.
      Property 'className' does not exist on type 'IntrinsicAttributes & IntrinsicClassAttributes<View> & Readonly<ViewProps>'.

[7m91[0m             <View className="items-center">
[7m  [0m [91m                  ~~~~~~~~~[0m


[96msrc/screens/ProfileScreen.tsx[0m:[93m92[0m:[93m21[0m - [91merror[0m[90m TS2769: [0mNo overload matches this call.
  Overload 1 of 2, '(props: TextProps): Text', gave the following error.
    Type '{ children: string; className: string; }' is not assignable to type 'IntrinsicAttributes & IntrinsicClassAttributes<Text> & Readonly<TextProps>'.
      Property 'className' does not exist on type 'IntrinsicAttributes & IntrinsicClassAttributes<Text> & Readonly<TextProps>'.
  Overload 2 of 2, '(props: TextProps, context: any): Text', gave the following error.
    Type '{ children: string; className: string; }' is not assignable to type 'IntrinsicAttributes & IntrinsicClassAttributes<Text> & Readonly<TextProps>'.
      Property 'className' does not exist on type 'IntrinsicAttributes & IntrinsicClassAttributes<Text> & Readonly<TextProps>'.

[7m92[0m               <Text className="text-2xl font-bold text-text-primary">0</Text>
[7m  [0m [91m                    ~~~~~~~~~[0m


[96msrc/screens/ProfileScreen.tsx[0m:[93m93[0m:[93m21[0m - [91merror[0m[90m TS2769: [0mNo overload matches this call.
  Overload 1 of 2, '(props: TextProps): Text', gave the following error.
    Type '{ children: string; className: string; }' is not assignable to type 'IntrinsicAttributes & IntrinsicClassAttributes<Text> & Readonly<TextProps>'.
      Property 'className' does not exist on type 'IntrinsicAttributes & IntrinsicClassAttributes<Text> & Readonly<TextProps>'.
  Overload 2 of 2, '(props: TextProps, context: any): Text', gave the following error.
    Type '{ children: string; className: string; }' is not assignable to type 'IntrinsicAttributes & IntrinsicClassAttributes<Text> & Readonly<TextProps>'.
      Property 'className' does not exist on type 'IntrinsicAttributes & IntrinsicClassAttributes<Text> & Readonly<TextProps>'.

[7m93[0m               <Text className="text-text-secondary text-sm">Events</Text>
[7m  [0m [91m                    ~~~~~~~~~[0m


[96msrc/screens/ProfileScreen.tsx[0m:[93m95[0m:[93m19[0m - [91merror[0m[90m TS2769: [0mNo overload matches this call.
  Overload 1 of 2, '(props: ViewProps): View', gave the following error.
    Type '{ children: Element[]; className: string; }' is not assignable to type 'IntrinsicAttributes & IntrinsicClassAttributes<View> & Readonly<ViewProps>'.
      Property 'className' does not exist on type 'IntrinsicAttributes & IntrinsicClassAttributes<View> & Readonly<ViewProps>'.
  Overload 2 of 2, '(props: ViewProps, context: any): View', gave the following error.
    Type '{ children: Element[]; className: string; }' is not assignable to type 'IntrinsicAttributes & IntrinsicClassAttributes<View> & Readonly<ViewProps>'.
      Property 'className' does not exist on type 'IntrinsicAttributes & IntrinsicClassAttributes<View> & Readonly<ViewProps>'.

[7m95[0m             <View className="items-center">
[7m  [0m [91m                  ~~~~~~~~~[0m


[96msrc/screens/ProfileScreen.tsx[0m:[93m96[0m:[93m21[0m - [91merror[0m[90m TS2769: [0mNo overload matches this call.
  Overload 1 of 2, '(props: TextProps): Text', gave the following error.
    Type '{ children: string; className: string; }' is not assignable to type 'IntrinsicAttributes & IntrinsicClassAttributes<Text> & Readonly<TextProps>'.
      Property 'className' does not exist on type 'IntrinsicAttributes & IntrinsicClassAttributes<Text> & Readonly<TextProps>'.
  Overload 2 of 2, '(props: TextProps, context: any): Text', gave the following error.
    Type '{ children: string; className: string; }' is not assignable to type 'IntrinsicAttributes & IntrinsicClassAttributes<Text> & Readonly<TextProps>'.
      Property 'className' does not exist on type 'IntrinsicAttributes & IntrinsicClassAttributes<Text> & Readonly<TextProps>'.

[7m96[0m               <Text className="text-2xl font-bold text-text-primary">0</Text>
[7m  [0m [91m                    ~~~~~~~~~[0m


[96msrc/screens/ProfileScreen.tsx[0m:[93m97[0m:[93m21[0m - [91merror[0m[90m TS2769: [0mNo overload matches this call.
  Overload 1 of 2, '(props: TextProps): Text', gave the following error.
    Type '{ children: string; className: string; }' is not assignable to type 'IntrinsicAttributes & IntrinsicClassAttributes<Text> & Readonly<TextProps>'.
      Property 'className' does not exist on type 'IntrinsicAttributes & IntrinsicClassAttributes<Text> & Readonly<TextProps>'.
  Overload 2 of 2, '(props: TextProps, context: any): Text', gave the following error.
    Type '{ children: string; className: string; }' is not assignable to type 'IntrinsicAttributes & IntrinsicClassAttributes<Text> & Readonly<TextProps>'.
      Property 'className' does not exist on type 'IntrinsicAttributes & IntrinsicClassAttributes<Text> & Readonly<TextProps>'.

[7m97[0m               <Text className="text-text-secondary text-sm">Crews</Text>
[7m  [0m [91m                    ~~~~~~~~~[0m


[96msrc/screens/ProfileScreen.tsx[0m:[93m99[0m:[93m19[0m - [91merror[0m[90m TS2769: [0mNo overload matches this call.
  Overload 1 of 2, '(props: ViewProps): View', gave the following error.
    Type '{ children: Element[]; className: string; }' is not assignable to type 'IntrinsicAttributes & IntrinsicClassAttributes<View> & Readonly<ViewProps>'.
      Property 'className' does not exist on type 'IntrinsicAttributes & IntrinsicClassAttributes<View> & Readonly<ViewProps>'.
  Overload 2 of 2, '(props: ViewProps, context: any): View', gave the following error.
    Type '{ children: Element[]; className: string; }' is not assignable to type 'IntrinsicAttributes & IntrinsicClassAttributes<View> & Readonly<ViewProps>'.
      Property 'className' does not exist on type 'IntrinsicAttributes & IntrinsicClassAttributes<View> & Readonly<ViewProps>'.

[7m99[0m             <View className="items-center">
[7m  [0m [91m                  ~~~~~~~~~[0m


[96msrc/screens/ProfileScreen.tsx[0m:[93m100[0m:[93m21[0m - [91merror[0m[90m TS2769: [0mNo overload matches this call.
  Overload 1 of 2, '(props: TextProps): Text', gave the following error.
    Type '{ children: string; className: string; }' is not assignable to type 'IntrinsicAttributes & IntrinsicClassAttributes<Text> & Readonly<TextProps>'.
      Property 'className' does not exist on type 'IntrinsicAttributes & IntrinsicClassAttributes<Text> & Readonly<TextProps>'.
  Overload 2 of 2, '(props: TextProps, context: any): Text', gave the following error.
    Type '{ children: string; className: string; }' is not assignable to type 'IntrinsicAttributes & IntrinsicClassAttributes<Text> & Readonly<TextProps>'.
      Property 'className' does not exist on type 'IntrinsicAttributes & IntrinsicClassAttributes<Text> & Readonly<TextProps>'.

[7m100[0m               <Text className="text-2xl font-bold text-text-primary">0</Text>
[7m   [0m [91m                    ~~~~~~~~~[0m


[96msrc/screens/ProfileScreen.tsx[0m:[93m101[0m:[93m21[0m - [91merror[0m[90m TS2769: [0mNo overload matches this call.
  Overload 1 of 2, '(props: TextProps): Text', gave the following error.
    Type '{ children: string; className: string; }' is not assignable to type 'IntrinsicAttributes & IntrinsicClassAttributes<Text> & Readonly<TextProps>'.
      Property 'className' does not exist on type 'IntrinsicAttributes & IntrinsicClassAttributes<Text> & Readonly<TextProps>'.
  Overload 2 of 2, '(props: TextProps, context: any): Text', gave the following error.
    Type '{ children: string; className: string; }' is not assignable to type 'IntrinsicAttributes & IntrinsicClassAttributes<Text> & Readonly<TextProps>'.
      Property 'className' does not exist on type 'IntrinsicAttributes & IntrinsicClassAttributes<Text> & Readonly<TextProps>'.

[7m101[0m               <Text className="text-text-secondary text-sm">RSVPs</Text>
[7m   [0m [91m                    ~~~~~~~~~[0m


[96msrc/screens/ProfileScreen.tsx[0m:[93m108[0m:[93m13[0m - [91merror[0m[90m TS2769: [0mNo overload matches this call.
  Overload 1 of 2, '(props: ViewProps): View', gave the following error.
    Type '{ children: Element; className: string; }' is not assignable to type 'IntrinsicAttributes & IntrinsicClassAttributes<View> & Readonly<ViewProps>'.
      Property 'className' does not exist on type 'IntrinsicAttributes & IntrinsicClassAttributes<View> & Readonly<ViewProps>'.
  Overload 2 of 2, '(props: ViewProps, context: any): View', gave the following error.
    Type '{ children: Element; className: string; }' is not assignable to type 'IntrinsicAttributes & IntrinsicClassAttributes<View> & Readonly<ViewProps>'.
      Property 'className' does not exist on type 'IntrinsicAttributes & IntrinsicClassAttributes<View> & Readonly<ViewProps>'.

[7m108[0m       <View className="px-6 mb-6">
[7m   [0m [91m            ~~~~~~~~~[0m


[96msrc/screens/ProfileScreen.tsx[0m:[93m109[0m:[93m15[0m - [91merror[0m[90m TS2769: [0mNo overload matches this call.
  Overload 1 of 2, '(props: ViewProps): View', gave the following error.
    Type '{ children: Element[]; className: string; }' is not assignable to type 'IntrinsicAttributes & IntrinsicClassAttributes<View> & Readonly<ViewProps>'.
      Property 'className' does not exist on type 'IntrinsicAttributes & IntrinsicClassAttributes<View> & Readonly<ViewProps>'.
  Overload 2 of 2, '(props: ViewProps, context: any): View', gave the following error.
    Type '{ children: Element[]; className: string; }' is not assignable to type 'IntrinsicAttributes & IntrinsicClassAttributes<View> & Readonly<ViewProps>'.
      Property 'className' does not exist on type 'IntrinsicAttributes & IntrinsicClassAttributes<View> & Readonly<ViewProps>'.

[7m109[0m         <View className="bg-bg-glass rounded-xl border border-border-default overflow-hidden">
[7m   [0m [91m              ~~~~~~~~~[0m


[96msrc/screens/ProfileScreen.tsx[0m:[93m110[0m:[93m29[0m - [91merror[0m[90m TS2769: [0mNo overload matches this call.
  Overload 1 of 2, '(props: TouchableOpacityProps): TouchableOpacity', gave the following error.
    Type '{ children: Element[]; className: string; }' is not assignable to type 'IntrinsicAttributes & IntrinsicClassAttributes<TouchableOpacity> & Readonly<TouchableOpacityProps>'.
      Property 'className' does not exist on type 'IntrinsicAttributes & IntrinsicClassAttributes<TouchableOpacity> & Readonly<TouchableOpacityProps>'.
  Overload 2 of 2, '(props: TouchableOpacityProps, context: any): TouchableOpacity', gave the following error.
    Type '{ children: Element[]; className: string; }' is not assignable to type 'IntrinsicAttributes & IntrinsicClassAttributes<TouchableOpacity> & Readonly<TouchableOpacityProps>'.
      Property 'className' does not exist on type 'IntrinsicAttributes & IntrinsicClassAttributes<TouchableOpacity> & Readonly<TouchableOpacityProps>'.

[7m110[0m           <TouchableOpacity className="flex-row items-center p-4 border-b border-border-default">
[7m   [0m [91m                            ~~~~~~~~~[0m


[96msrc/screens/ProfileScreen.tsx[0m:[93m112[0m:[93m19[0m - [91merror[0m[90m TS2769: [0mNo overload matches this call.
  Overload 1 of 2, '(props: TextProps): Text', gave the following error.
    Type '{ children: string; className: string; }' is not assignable to type 'IntrinsicAttributes & IntrinsicClassAttributes<Text> & Readonly<TextProps>'.
      Property 'className' does not exist on type 'IntrinsicAttributes & IntrinsicClassAttributes<Text> & Readonly<TextProps>'.
  Overload 2 of 2, '(props: TextProps, context: any): Text', gave the following error.
    Type '{ children: string; className: string; }' is not assignable to type 'IntrinsicAttributes & IntrinsicClassAttributes<Text> & Readonly<TextProps>'.
      Property 'className' does not exist on type 'IntrinsicAttributes & IntrinsicClassAttributes<Text> & Readonly<TextProps>'.

[7m112[0m             <Text className="text-text-primary ml-3 flex-1">Edit Profile</Text>
[7m   [0m [91m                  ~~~~~~~~~[0m


[96msrc/screens/ProfileScreen.tsx[0m:[93m116[0m:[93m29[0m - [91merror[0m[90m TS2769: [0mNo overload matches this call.
  Overload 1 of 2, '(props: TouchableOpacityProps): TouchableOpacity', gave the following error.
    Type '{ children: Element[]; className: string; }' is not assignable to type 'IntrinsicAttributes & IntrinsicClassAttributes<TouchableOpacity> & Readonly<TouchableOpacityProps>'.
      Property 'className' does not exist on type 'IntrinsicAttributes & IntrinsicClassAttributes<TouchableOpacity> & Readonly<TouchableOpacityProps>'.
  Overload 2 of 2, '(props: TouchableOpacityProps, context: any): TouchableOpacity', gave the following error.
    Type '{ children: Element[]; className: string; }' is not assignable to type 'IntrinsicAttributes & IntrinsicClassAttributes<TouchableOpacity> & Readonly<TouchableOpacityProps>'.
      Property 'className' does not exist on type 'IntrinsicAttributes & IntrinsicClassAttributes<TouchableOpacity> & Readonly<TouchableOpacityProps>'.

[7m116[0m           <TouchableOpacity className="flex-row items-center p-4 border-b border-border-default">
[7m   [0m [91m                            ~~~~~~~~~[0m


[96msrc/screens/ProfileScreen.tsx[0m:[93m118[0m:[93m19[0m - [91merror[0m[90m TS2769: [0mNo overload matches this call.
  Overload 1 of 2, '(props: TextProps): Text', gave the following error.
    Type '{ children: string; className: string; }' is not assignable to type 'IntrinsicAttributes & IntrinsicClassAttributes<Text> & Readonly<TextProps>'.
      Property 'className' does not exist on type 'IntrinsicAttributes & IntrinsicClassAttributes<Text> & Readonly<TextProps>'.
  Overload 2 of 2, '(props: TextProps, context: any): Text', gave the following error.
    Type '{ children: string; className: string; }' is not assignable to type 'IntrinsicAttributes & IntrinsicClassAttributes<Text> & Readonly<TextProps>'.
      Property 'className' does not exist on type 'IntrinsicAttributes & IntrinsicClassAttributes<Text> & Readonly<TextProps>'.

[7m118[0m             <Text className="text-text-primary ml-3 flex-1">Notifications</Text>
[7m   [0m [91m                  ~~~~~~~~~[0m


[96msrc/screens/ProfileScreen.tsx[0m:[93m122[0m:[93m29[0m - [91merror[0m[90m TS2769: [0mNo overload matches this call.
  Overload 1 of 2, '(props: TouchableOpacityProps): TouchableOpacity', gave the following error.
    Type '{ children: Element[]; className: string; }' is not assignable to type 'IntrinsicAttributes & IntrinsicClassAttributes<TouchableOpacity> & Readonly<TouchableOpacityProps>'.
      Property 'className' does not exist on type 'IntrinsicAttributes & IntrinsicClassAttributes<TouchableOpacity> & Readonly<TouchableOpacityProps>'.
  Overload 2 of 2, '(props: TouchableOpacityProps, context: any): TouchableOpacity', gave the following error.
    Type '{ children: Element[]; className: string; }' is not assignable to type 'IntrinsicAttributes & IntrinsicClassAttributes<TouchableOpacity> & Readonly<TouchableOpacityProps>'.
      Property 'className' does not exist on type 'IntrinsicAttributes & IntrinsicClassAttributes<TouchableOpacity> & Readonly<TouchableOpacityProps>'.

[7m122[0m           <TouchableOpacity className="flex-row items-center p-4 border-b border-border-default">
[7m   [0m [91m                            ~~~~~~~~~[0m


[96msrc/screens/ProfileScreen.tsx[0m:[93m124[0m:[93m19[0m - [91merror[0m[90m TS2769: [0mNo overload matches this call.
  Overload 1 of 2, '(props: TextProps): Text', gave the following error.
    Type '{ children: string; className: string; }' is not assignable to type 'IntrinsicAttributes & IntrinsicClassAttributes<Text> & Readonly<TextProps>'.
      Property 'className' does not exist on type 'IntrinsicAttributes & IntrinsicClassAttributes<Text> & Readonly<TextProps>'.
  Overload 2 of 2, '(props: TextProps, context: any): Text', gave the following error.
    Type '{ children: string; className: string; }' is not assignable to type 'IntrinsicAttributes & IntrinsicClassAttributes<Text> & Readonly<TextProps>'.
      Property 'className' does not exist on type 'IntrinsicAttributes & IntrinsicClassAttributes<Text> & Readonly<TextProps>'.

[7m124[0m             <Text className="text-text-primary ml-3 flex-1">Settings</Text>
[7m   [0m [91m                  ~~~~~~~~~[0m


[96msrc/screens/ProfileScreen.tsx[0m:[93m128[0m:[93m29[0m - [91merror[0m[90m TS2769: [0mNo overload matches this call.
  Overload 1 of 2, '(props: TouchableOpacityProps): TouchableOpacity', gave the following error.
    Type '{ children: Element[]; className: string; }' is not assignable to type 'IntrinsicAttributes & IntrinsicClassAttributes<TouchableOpacity> & Readonly<TouchableOpacityProps>'.
      Property 'className' does not exist on type 'IntrinsicAttributes & IntrinsicClassAttributes<TouchableOpacity> & Readonly<TouchableOpacityProps>'.
  Overload 2 of 2, '(props: TouchableOpacityProps, context: any): TouchableOpacity', gave the following error.
    Type '{ children: Element[]; className: string; }' is not assignable to type 'IntrinsicAttributes & IntrinsicClassAttributes<TouchableOpacity> & Readonly<TouchableOpacityProps>'.
      Property 'className' does not exist on type 'IntrinsicAttributes & IntrinsicClassAttributes<TouchableOpacity> & Readonly<TouchableOpacityProps>'.

[7m128[0m           <TouchableOpacity className="flex-row items-center p-4 border-b border-border-default">
[7m   [0m [91m                            ~~~~~~~~~[0m


[96msrc/screens/ProfileScreen.tsx[0m:[93m130[0m:[93m19[0m - [91merror[0m[90m TS2769: [0mNo overload matches this call.
  Overload 1 of 2, '(props: TextProps): Text', gave the following error.
    Type '{ children: string; className: string; }' is not assignable to type 'IntrinsicAttributes & IntrinsicClassAttributes<Text> & Readonly<TextProps>'.
      Property 'className' does not exist on type 'IntrinsicAttributes & IntrinsicClassAttributes<Text> & Readonly<TextProps>'.
  Overload 2 of 2, '(props: TextProps, context: any): Text', gave the following error.
    Type '{ children: string; className: string; }' is not assignable to type 'IntrinsicAttributes & IntrinsicClassAttributes<Text> & Readonly<TextProps>'.
      Property 'className' does not exist on type 'IntrinsicAttributes & IntrinsicClassAttributes<Text> & Readonly<TextProps>'.

[7m130[0m             <Text className="text-text-primary ml-3 flex-1">Help & Support</Text>
[7m   [0m [91m                  ~~~~~~~~~[0m


[96msrc/screens/ProfileScreen.tsx[0m:[93m136[0m:[93m13[0m - [91merror[0m[90m TS2769: [0mNo overload matches this call.
  Overload 1 of 2, '(props: TouchableOpacityProps): TouchableOpacity', gave the following error.
    Type '{ children: Element[]; onPress: () => Promise<void>; className: string; }' is not assignable to type 'IntrinsicAttributes & IntrinsicClassAttributes<TouchableOpacity> & Readonly<TouchableOpacityProps>'.
      Property 'className' does not exist on type 'IntrinsicAttributes & IntrinsicClassAttributes<TouchableOpacity> & Readonly<TouchableOpacityProps>'.
  Overload 2 of 2, '(props: TouchableOpacityProps, context: any): TouchableOpacity', gave the following error.
    Type '{ children: Element[]; onPress: () => Promise<void>; className: string; }' is not assignable to type 'IntrinsicAttributes & IntrinsicClassAttributes<TouchableOpacity> & Readonly<TouchableOpacityProps>'.
      Property 'className' does not exist on type 'IntrinsicAttributes & IntrinsicClassAttributes<TouchableOpacity> & Readonly<TouchableOpacityProps>'.

[7m136[0m             className="flex-row items-center p-4"
[7m   [0m [91m            ~~~~~~~~~[0m


[96msrc/screens/ProfileScreen.tsx[0m:[93m139[0m:[93m19[0m - [91merror[0m[90m TS2769: [0mNo overload matches this call.
  Overload 1 of 2, '(props: TextProps): Text', gave the following error.
    Type '{ children: string; className: string; }' is not assignable to type 'IntrinsicAttributes & IntrinsicClassAttributes<Text> & Readonly<TextProps>'.
      Property 'className' does not exist on type 'IntrinsicAttributes & IntrinsicClassAttributes<Text> & Readonly<TextProps>'.
  Overload 2 of 2, '(props: TextProps, context: any): Text', gave the following error.
    Type '{ children: string; className: string; }' is not assignable to type 'IntrinsicAttributes & IntrinsicClassAttributes<Text> & Readonly<TextProps>'.
      Property 'className' does not exist on type 'IntrinsicAttributes & IntrinsicClassAttributes<Text> & Readonly<TextProps>'.

[7m139[0m             <Text className="text-red-400 ml-3 flex-1">Sign Out</Text>
[7m   [0m [91m                  ~~~~~~~~~[0m


[96msrc/screens/ProfileScreen.tsx[0m:[93m145[0m:[93m13[0m - [91merror[0m[90m TS2769: [0mNo overload matches this call.
  Overload 1 of 2, '(props: ViewProps): View', gave the following error.
    Type '{ className: string; }' is not assignable to type 'IntrinsicAttributes & IntrinsicClassAttributes<View> & Readonly<ViewProps>'.
      Property 'className' does not exist on type 'IntrinsicAttributes & IntrinsicClassAttributes<View> & Readonly<ViewProps>'.
  Overload 2 of 2, '(props: ViewProps, context: any): View', gave the following error.
    Type '{ className: string; }' is not assignable to type 'IntrinsicAttributes & IntrinsicClassAttributes<View> & Readonly<ViewProps>'.
      Property 'className' does not exist on type 'IntrinsicAttributes & IntrinsicClassAttributes<View> & Readonly<ViewProps>'.

[7m145[0m       <View className="h-20" />
[7m   [0m [91m            ~~~~~~~~~[0m



Found 161 errors in 10 files.

Errors  Files
     1  App.tsx[90m:2[0m
     1  src/lib/AuthContext.tsx[90m:1[0m
     1  src/navigation/AppNavigator.tsx[90m:1[0m
    35  src/screens/CreateEventScreen.tsx[90m:1[0m
    24  src/screens/DiscoverScreen.tsx[90m:16[0m
    28  src/screens/EventDetailScreen.tsx[90m:1[0m
    21  src/screens/HomeScreen.tsx[90m:1[0m
     4  src/screens/LoadingScreen.tsx[90m:1[0m
     9  src/screens/LoginScreen.tsx[90m:1[0m
    37  src/screens/ProfileScreen.tsx[90m:1[0m
[1G[0K⠙[1G[0K[1mnpm[22m [31merror[39m Lifecycle script `type-check` failed with error:
[1G[0K⠙[1G[0K[1mnpm[22m [31merror[39m [94mcode[39m [33m2[39m
[1G[0K⠙[1G[0K[1mnpm[22m [31merror[39m [94mpath[39m /Users/wpdevrafin/Clink/apps/mobile
[1G[0K⠙[1G[0K[1mnpm[22m [31merror[39m [94mworkspace[39m mobile@1.0.0
[1G[0K⠙[1G[0K[1mnpm[22m [31merror[39m [94mlocation[39m /Users/wpdevrafin/Clink/apps/mobile
[1G[0K⠙[1G[0K[1mnpm[22m [31merror[39m command failed
[1G[0K⠙[1G[0K[1mnpm[22m [31merror[39m [94mcommand[39m sh -c tsc --noEmit
[1G[0K⠙[1G[0K
